left_h,left_v,right_h,right_v,target_x,target_y,point_id
-0.11930519896057021,-0.14262895922680577,0.008654443469760234,-0.14577343853514188,100,80,0
-0.09796695520183807,-0.14029104658019687,0.037707380948093346,-0.13900908070605117,248,80,1
-0.09347283884257326,-0.14134394233234956,0.036835778587955184,-0.1356461445842905,397,80,2
-0.07079433931902245,-0.13933976129986944,0.05380929290333464,-0.12688023789662184,545,80,3
-0.060200267418507133,-0.13118560958608863,0.06537159267992124,-0.11576859184561294,694,80,4
-0.049850416596767505,-0.1303008596345626,0.07340790380490682,-0.11297500392123236,842,80,5
-0.02840264090708151,-0.13532159593920803,0.0848520416109754,-0.11297622513343075,991,80,6
-0.024803021177736986,-0.13060210801389385,0.0966254711951639,-0.10718937291082985,1139,80,7
-0.01572684894533123,-0.12778052297183368,0.10733393435316767,-0.10119851127087985,1288,80,8
0.0005945320781334353,-0.12056662895755416,0.11612894409460095,-0.09530898595063145,1436,80,9
-0.12364315986747625,-0.13478850602977316,0.0028719527570579997,-0.1139509687975901,100,256,10
-0.106392213882167,-0.13131526827292284,0.017207630382576385,-0.11030608950190199,248,256,11
-0.09379121721540543,-0.134070569120297,0.026574914352831613,-0.112648715513693,397,256,12
-0.07120073899855955,-0.1298191682095213,0.04513396961220991,-0.105257377949335,545,256,13
-0.07362724290375215,-0.11607185752118199,0.05654592147867766,-0.10554342116176797,694,256,14
-0.06404905965980393,-0.1227612491431934,0.06462167667743636,-0.10806292432729606,842,256,15
-0.049090712751618616,-0.12341438400111085,0.07521398578390963,-0.10526398352758617,991,256,16
-0.03528213097508753,-0.1102699434365105,0.09850835713877358,-0.09287569757365188,1139,256,17
-0.021241630673074125,-0.1097352205856785,0.10530629397802128,-0.0902404177699641,1288,256,18
-0.006764484552249013,-0.10655349045527147,0.1310058347740832,-0.0837578544897721,1436,256,19
-0.12311186133754902,-0.12737347759822987,0.013931523521358484,-0.11635311752618953,100,432,20
-0.11026681612353342,-0.12503888809727443,0.024528337424738814,-0.11334946712258887,248,432,21
-0.09276053590171056,-0.12455427948164886,0.034276808045155566,-0.11049275108313812,397,432,22
-0.07938544381133787,-0.12333392215039911,0.04813190976588937,-0.1089626163807371,545,432,23
-0.06866198807883017,-0.12477985762194195,0.06121769144324971,-0.1084421921842284,694,432,24
-0.055288861788984005,-0.12495241188304637,0.07430586547236519,-0.1052130323177924,842,432,25
-0.04429194143511554,-0.12207209734825408,0.08052741743488188,-0.10182939958679196,991,432,26
-0.0332510761290422,-0.11778568056900023,0.09102364082015074,-0.09697672466262304,1139,432,27
-0.01939780993675505,-0.1117458038610896,0.10914557031772264,-0.09126752756487522,1288,432,28
-0.003298055870215041,-0.10764883367000232,0.12363637885152928,-0.08469453423234959,1436,432,29
-0.10861508539999326,-0.12221984028630181,0.01725849910185655,-0.11188172619537265,100,608,30
-0.0955092762121497,-0.12158469811326308,0.030854488296357032,-0.11054693643048664,248,608,31
-0.08702993229247948,-0.12358824792442101,0.0442775254118175,-0.10770533473135782,397,608,32
-0.07655069642355378,-0.1187013990073568,0.05600394056038296,-0.1047156152390114,545,608,33
-0.06443038076377702,-0.12045261740235874,0.06589352141431556,-0.10348318929420196,694,608,34
-0.0479391784747832,-0.11937246000146828,0.07930244515721718,-0.09788549149328407,842,608,35
-0.043543109559906014,-0.1160954804632357,0.08853237821371583,-0.09312399042505524,991,608,36
-0.029191836273681094,-0.10890330981480002,0.10748802020593737,-0.08460850287960996,1139,608,37
-0.013038556873885674,-0.10498918871601791,0.11898079358378984,-0.08113843545519876,1288,608,38
0.004061172197143259,-0.09924502721389981,0.13632384751109222,-0.07336708449293579,1436,608,39
-0.10310523033277498,-0.11072532079572633,0.025335538586805182,-0.09648356256644999,100,784,40
-0.09019058976463652,-0.1094389842036434,0.038751100139530294,-0.09627772149290381,248,784,41
-0.0828139450762077,-0.11021366862350906,0.047936674564957614,-0.09478890636371472,397,784,42
-0.07196624451841972,-0.10933756512414988,0.058761890150353276,-0.09251333701450916,545,784,43
-0.05805797166887602,-0.10691924907119656,0.07781655480984259,-0.08628338614757809,694,784,44
-0.04609766801692879,-0.10774925804536929,0.08874360109047717,-0.08509248778907141,842,784,45
-0.03414075711972972,-0.10342901827527845,0.10579300186082506,-0.07705714155050192,991,784,46
-0.020425027191190596,-0.09755522271276963,0.11704617962262921,-0.07178605601948423,1139,784,47
-0.007418158789185083,-0.0961230769230777,0.13274087220543912,-0.06882784868312761,1288,784,48
0.006667538749277806,-0.09487384459562717,0.1477194907480703,-0.06740168585035557,1436,784,49
