timestamp,elapsed_sec,target_x,target_y,target_vx,target_vy,target_speed,gaze_x,gaze_y,gaze_vx,gaze_vy,gaze_speed,dist_error_px,dist_error_deg,is_on_target,eye_state,pursuit_gain,directional_cosine,cross_correlation,optimal_lag_ms,game_mode
736162.0100,0.0000,264.78,516.94,0.00,0.00,0.00,397.28,457.36,0.00,0.00,0.00,145.28,3.669,0,BLINK,1.000,0.000,0.000,0.0,lissajous
736162.0267,0.0167,280.48,530.42,942.12,808.93,1241.76,342.69,488.37,-3275.68,1860.70,3767.26,75.08,1.897,0,BLINK,3.034,-0.338,0.000,0.0,lissajous
736162.0434,0.0334,280.70,530.59,12.82,10.18,16.37,313.99,508.92,-1721.86,1233.04,2117.83,39.72,1.004,0,BLINK,0.000,-0.275,0.000,0.0,lissajous
736162.0600,0.0500,280.85,530.71,9.23,7.32,11.78,297.52,519.00,-988.37,604.50,1158.57,20.37,0.515,0,BLINK,0.000,-0.345,0.000,0.0,lissajous
736162.0767,0.0667,280.99,530.82,8.18,6.47,10.43,294.53,524.05,-179.28,302.78,351.88,15.14,0.383,0,BLINK,0.000,0.134,0.000,0.0,lissajous
736162.0934,0.0834,281.14,530.95,9.38,7.41,11.96,289.67,530.09,-291.51,362.41,465.11,8.57,0.217,0,BLINK,0.000,-0.009,0.000,0.0,lissajous
736162.1100,0.1000,281.34,531.10,11.85,9.35,15.10,284.82,531.07,-290.85,59.27,296.83,3.48,0.088,0,BLINK,0.000,-0.646,0.000,0.0,lissajous
736162.1267,0.1167,281.52,531.24,10.90,8.58,13.87,286.94,533.35,127.11,136.45,186.48,5.81,0.147,0,BLINK,0.000,0.988,0.000,0.0,lissajous
736162.1434,0.1334,281.78,531.45,15.36,12.07,19.53,285.31,529.91,-97.87,-206.20,228.25,3.85,0.097,0,BLINK,0.000,-0.895,0.000,0.0,lissajous
736162.1600,0.1500,281.92,531.56,8.57,6.72,10.89,282.17,533.67,-188.14,225.23,293.47,2.12,0.054,0,BLINK,0.000,-0.031,0.000,0.0,lissajous
736162.1767,0.1667,282.07,531.67,8.77,6.87,11.14,280.49,533.39,-101.04,-16.27,102.34,2.34,0.059,0,BLINK,0.000,-0.875,0.000,0.0,lissajous
736162.1934,0.1834,282.17,531.75,5.93,4.64,7.52,281.02,530.70,31.65,-161.41,164.48,1.55,0.039,0,BLINK,0.000,-0.453,0.000,0.0,lissajous
736162.2100,0.2000,282.26,531.82,5.40,4.22,6.86,281.73,531.75,42.90,62.77,76.03,0.53,0.013,0,BLINK,1.000,0.953,0.000,0.0,lissajous
736162.2267,0.2167,282.37,531.91,7.02,5.48,8.91,280.37,529.42,-81.70,-140.01,162.10,3.20,0.081,0,BLINK,0.000,-0.929,0.000,0.0,lissajous
736162.2434,0.2334,282.53,532.03,9.16,7.14,11.62,282.42,532.40,122.80,178.95,217.03,0.39,0.010,0,BLINK,0.000,0.953,0.000,0.0,lissajous
736162.2600,0.2500,282.66,532.14,8.29,6.45,10.50,282.27,532.66,-8.66,15.74,17.97,0.65,0.017,0,BLINK,1.000,0.158,0.000,0.0,lissajous
736162.2767,0.2667,282.82,532.26,9.31,7.24,11.79,283.18,531.61,54.21,-62.86,83.00,0.74,0.019,0,BLINK,1.000,0.051,0.000,0.0,lissajous
736162.2934,0.2834,282.96,532.37,8.39,6.52,10.63,279.69,530.24,-209.02,-82.50,224.71,3.90,0.098,0,BLINK,0.000,-0.960,0.000,0.0,lissajous
736162.3100,0.3000,283.12,532.49,9.44,7.32,11.94,282.44,532.00,164.96,105.56,195.84,0.83,0.021,0,BLINK,0.000,0.996,0.000,0.0,lissajous
736162.3267,0.3167,283.23,532.58,7.08,5.49,8.96,280.23,530.24,-132.94,-105.52,169.73,3.81,0.096,0,BLINK,0.000,-1.000,0.000,0.0,lissajous
736162.3434,0.3334,283.31,532.64,4.76,3.68,6.02,283.83,529.86,216.19,-22.48,217.36,2.82,0.071,0,BLINK,0.000,0.723,0.000,0.0,lissajous
736162.3600,0.3500,283.39,532.70,4.39,3.39,5.54,284.41,532.57,34.89,162.59,166.29,1.03,0.026,0,BLINK,0.000,0.764,0.000,0.0,lissajous
736162.3767,0.3667,283.46,532.76,4.65,3.59,5.88,283.41,533.86,-59.97,76.89,97.51,1.10,0.028,0,BLINK,1.000,-0.005,0.000,0.0,lissajous
736162.3934,0.3834,283.53,532.81,4.20,3.25,5.31,284.13,532.95,43.15,-54.22,69.29,0.61,0.015,0,BLINK,1.000,0.015,0.000,0.0,lissajous
736162.4100,0.4000,283.60,532.87,4.19,3.23,5.29,284.16,534.35,1.94,83.78,83.80,1.58,0.040,0,BLINK,1.000,0.629,0.000,0.0,lissajous
736162.4267,0.4167,283.68,532.92,4.35,3.35,5.49,283.09,535.57,-64.06,73.05,97.16,2.71,0.068,0,BLINK,1.000,-0.063,0.000,0.0,lissajous
736162.4434,0.4334,283.75,532.98,4.17,3.21,5.26,283.31,533.58,13.08,-119.10,119.81,0.74,0.019,0,BLINK,0.000,-0.520,0.000,0.0,lissajous
736162.4600,0.4500,283.83,533.04,4.94,3.80,6.24,284.02,533.78,42.50,11.75,44.10,0.76,0.019,0,BLINK,1.000,0.926,0.000,0.0,lissajous
736162.4767,0.4667,283.90,533.09,4.19,3.23,5.29,283.75,535.88,-16.36,125.87,126.93,2.79,0.070,0,BLINK,0.000,0.503,0.000,0.0,lissajous
736162.4934,0.4834,283.97,533.15,4.15,3.19,5.24,283.34,534.65,-24.53,-73.34,77.33,1.63,0.041,0,BLINK,1.000,-0.830,0.849,0.0,lissajous
736162.5100,0.5000,284.26,533.37,17.35,13.31,21.87,283.96,533.84,37.21,-48.74,61.32,0.56,0.014,0,BLINK,1.000,-0.003,0.848,0.0,lissajous
736162.5267,0.5167,284.53,533.58,16.29,12.47,20.52,283.28,534.00,-40.75,9.43,41.83,1.32,0.033,0,BLINK,1.000,-0.636,0.846,0.0,lissajous
736162.5434,0.5334,284.75,533.75,13.53,10.33,17.02,283.57,533.81,17.07,-11.44,20.55,1.19,0.030,0,BLINK,1.000,0.322,0.845,0.0,lissajous
736162.5600,0.5500,284.97,533.91,13.03,9.93,16.38,283.50,534.41,-3.87,36.24,36.44,1.55,0.039,0,BLINK,1.000,0.518,0.845,0.0,lissajous
736162.5767,0.5667,285.21,534.10,14.35,10.91,18.03,283.87,534.32,22.44,-5.71,23.16,1.35,0.034,0,BLINK,1.000,0.622,0.844,0.0,lissajous
736162.5934,0.5834,285.43,534.27,13.48,10.23,16.92,284.00,534.69,7.66,22.39,23.66,1.49,0.038,0,BLINK,1.000,0.830,0.843,0.0,lissajous
736162.6100,0.6000,285.67,534.44,13.89,10.51,17.42,284.27,534.39,16.27,-17.81,24.12,1.39,0.035,0,BLINK,1.000,0.092,0.842,0.0,lissajous
736162.6267,0.6167,285.89,534.61,13.58,10.26,17.02,283.72,535.25,-33.39,51.28,61.19,2.27,0.057,0,BLINK,1.000,0.070,0.842,0.0,lissajous
736162.6434,0.6334,286.12,534.78,13.52,10.19,16.93,283.60,534.91,-6.75,-20.06,21.17,2.52,0.064,0,BLINK,1.000,-0.825,0.841,0.0,lissajous
736162.6600,0.6500,286.34,534.95,13.49,10.15,16.88,283.98,535.04,22.60,7.41,23.78,2.36,0.060,0,BLINK,1.000,0.947,0.840,0.0,lissajous
736162.6767,0.6667,286.57,535.12,13.88,10.42,17.35,284.66,534.98,40.88,-3.38,41.02,1.92,0.048,0,BLINK,1.000,0.748,0.840,0.0,lissajous
736162.6934,0.6834,286.81,535.30,14.04,10.52,17.55,285.06,535.35,23.65,21.97,32.28,1.75,0.044,0,BLINK,1.000,0.994,0.839,0.0,lissajous
736162.7100,0.7000,287.06,535.49,15.26,11.40,19.05,284.95,535.03,-6.15,-18.76,19.74,2.16,0.054,0,BLINK,1.000,-0.818,0.839,0.0,lissajous
736162.7267,0.7167,287.31,535.67,14.72,10.97,18.36,284.98,534.71,1.71,-19.26,19.33,2.51,0.064,0,BLINK,1.000,-0.525,0.838,0.0,lissajous
736162.7434,0.7334,287.55,535.85,14.52,10.80,18.10,285.27,535.37,17.41,39.51,43.17,2.33,0.059,0,BLINK,1.000,0.870,0.838,0.0,lissajous
736162.7600,0.7500,287.89,536.11,20.58,15.27,25.62,286.10,535.70,49.73,19.69,53.48,1.84,0.046,0,BLINK,1.000,0.966,0.837,0.0,lissajous
736162.7767,0.7667,288.20,536.34,18.55,13.72,23.07,286.28,535.82,10.57,7.53,12.98,1.99,0.050,0,BLINK,1.000,1.000,0.837,0.0,lissajous
736162.7934,0.7834,288.50,536.56,17.84,13.16,22.17,286.57,535.87,17.76,2.86,17.99,2.04,0.052,0,BLINK,1.000,0.889,0.836,0.0,lissajous
736162.8100,0.8000,288.78,536.76,16.90,12.42,20.97,289.45,536.09,172.35,12.83,172.82,0.95,0.024,0,BLINK,0.000,0.847,0.836,0.0,lissajous
736162.8267,0.8167,289.06,536.97,16.91,12.40,20.98,289.52,536.44,4.33,21.17,21.61,0.70,0.018,0,BLINK,1.000,0.741,0.836,0.0,lissajous
736162.8434,0.8334,289.32,537.16,15.63,11.43,19.37,288.55,536.49,-58.32,3.17,58.41,1.02,0.026,0,BLINK,1.000,-0.774,0.835,0.0,lissajous
736162.8600,0.8500,289.58,537.35,15.50,11.31,19.18,288.47,536.07,-4.88,-25.49,25.95,1.70,0.043,0,BLINK,1.000,-0.731,0.835,0.0,lissajous
736162.8767,0.8667,289.84,537.54,15.72,11.44,19.44,288.68,535.81,12.85,-15.53,20.15,2.09,0.053,0,BLINK,1.000,0.062,0.835,0.0,lissajous
736162.8934,0.8834,290.11,537.73,16.12,11.70,19.92,288.91,536.10,14.11,17.61,22.56,2.02,0.051,0,BLINK,1.000,0.964,0.834,0.0,lissajous
736162.9100,0.9000,290.39,537.93,16.54,11.97,20.42,288.71,537.05,-12.09,57.10,58.36,1.89,0.048,0,BLINK,1.000,0.406,0.834,0.0,lissajous
736162.9267,0.9167,290.65,538.13,15.98,11.54,19.71,289.79,536.96,64.70,-5.55,64.94,1.45,0.037,0,BLINK,1.000,0.758,0.834,0.0,lissajous
736162.9434,0.9334,290.92,538.32,16.28,11.73,20.07,289.54,536.55,-14.90,-24.58,28.75,2.25,0.057,0,BLINK,1.000,-0.921,0.833,0.0,lissajous
736162.9600,0.9500,291.19,538.51,16.17,11.62,19.91,289.06,536.58,-29.15,1.55,29.19,2.88,0.073,0,BLINK,1.000,-0.780,0.833,0.0,lissajous
736162.9767,0.9667,291.47,538.71,16.67,11.95,20.51,290.64,536.79,94.87,12.78,95.72,2.10,0.053,0,BLINK,1.000,0.883,0.833,0.0,lissajous
736162.9934,0.9834,291.75,538.91,16.61,11.87,20.41,292.99,536.69,141.30,-5.81,141.42,2.54,0.064,0,BLINK,0.000,0.789,0.833,0.0,lissajous
736163.0100,1.0000,292.57,539.49,49.04,34.88,60.18,292.80,537.89,-11.46,71.55,72.47,1.62,0.041,0,BLINK,1.204,0.443,0.832,0.0,lissajous
736163.0267,1.0167,293.06,539.84,29.72,21.01,36.40,294.60,537.55,108.04,-20.36,109.94,2.77,0.070,0,BLINK,3.020,0.696,0.832,0.0,lissajous
736163.0434,1.0334,293.38,540.07,19.05,13.41,23.30,294.07,538.88,-31.82,80.28,86.36,1.37,0.035,0,BLINK,1.000,0.234,0.831,0.0,lissajous
736163.0600,1.0500,293.88,540.42,30.24,21.21,36.94,294.46,538.66,23.35,-13.45,26.95,1.85,0.047,0,BLINK,0.730,0.423,0.831,0.0,lissajous
736163.0767,1.0667,294.38,540.77,30.02,20.95,36.61,293.79,539.18,-40.56,31.32,51.25,1.70,0.043,0,BLINK,1.400,-0.299,0.830,0.0,lissajous
736163.0934,1.0834,294.70,540.99,18.93,13.16,23.05,293.04,538.81,-44.63,-22.21,49.85,2.74,0.069,0,BLINK,1.000,-0.989,0.830,0.0,lissajous
736163.1100,1.1000,295.00,541.20,17.92,12.42,21.80,293.67,538.77,37.61,-2.58,37.70,2.77,0.070,0,BLINK,1.000,0.781,0.830,0.0,lissajous
736163.1267,1.1167,295.30,541.41,18.13,12.53,22.04,293.08,540.73,-35.58,117.59,122.85,2.32,0.059,0,BLINK,0.000,0.306,0.830,0.0,lissajous
736163.1434,1.1334,295.59,541.60,17.12,11.81,20.80,293.45,540.56,22.27,-9.88,24.37,2.38,0.060,0,BLINK,1.000,0.522,0.829,0.0,lissajous
736163.1600,1.1500,295.88,541.80,17.48,12.02,21.21,294.17,540.58,43.51,0.94,43.52,2.10,0.053,0,BLINK,1.000,0.836,0.829,0.0,lissajous
736163.1767,1.1667,296.17,542.00,17.71,12.15,21.48,294.66,541.17,29.55,35.48,46.17,1.72,0.044,0,BLINK,1.000,0.962,0.829,0.0,lissajous
736163.1934,1.1834,296.47,542.21,17.65,12.07,21.38,295.35,540.44,40.91,-43.65,59.82,2.09,0.053,0,BLINK,1.000,0.153,0.829,0.0,lissajous
736163.2100,1.2000,296.75,542.40,17.32,11.82,20.97,294.50,540.17,-50.81,-16.68,53.48,3.18,0.080,0,BLINK,1.000,-0.961,0.829,0.0,lissajous
736163.2267,1.2167,297.07,542.61,18.70,12.72,22.61,295.43,540.66,55.78,29.71,63.20,2.55,0.064,0,BLINK,1.000,0.994,0.829,0.0,lissajous
736163.2434,1.2334,297.36,542.81,17.46,11.84,21.10,296.47,540.44,62.27,-13.48,63.72,2.54,0.064,0,BLINK,1.000,0.690,0.829,0.0,lissajous
736163.2600,1.2500,297.66,543.02,18.21,12.32,21.98,297.15,540.36,40.91,-4.45,41.15,2.70,0.068,0,BLINK,1.000,0.763,0.829,0.0,lissajous
736163.2767,1.2667,297.96,543.22,17.81,12.01,21.48,296.69,540.59,-27.36,13.49,30.50,2.92,0.074,0,BLINK,1.000,-0.496,0.828,0.0,lissajous
736163.2934,1.2834,298.69,543.71,43.81,29.40,52.76,296.83,540.57,8.00,-1.18,8.09,3.65,0.092,0,BLINK,0.153,0.740,0.827,0.0,lissajous
736163.3100,1.3000,299.25,544.08,33.86,22.58,40.70,296.95,540.50,7.64,-4.32,8.78,4.26,0.108,0,BLINK,0.216,0.451,0.826,0.0,lissajous
736163.3267,1.3167,299.66,544.35,24.34,16.16,29.22,298.35,541.62,83.81,67.34,107.51,3.03,0.077,0,BLINK,0.000,0.996,0.826,0.0,lissajous
736163.3434,1.3334,300.01,544.59,21.33,14.11,25.58,299.08,541.86,43.94,14.31,46.21,2.89,0.073,0,BLINK,1.000,0.964,0.826,0.0,lissajous
736163.3600,1.3500,300.35,544.81,20.06,13.23,24.03,300.41,542.48,79.81,37.40,88.14,2.33,0.059,0,BLINK,1.000,0.990,0.826,0.0,lissajous
736163.3767,1.3667,300.66,545.02,18.89,12.42,22.60,299.92,544.01,-29.48,91.89,96.51,1.25,0.032,0,BLINK,1.000,0.268,0.826,0.0,lissajous
736163.3934,1.3834,300.98,545.22,19.00,12.46,22.72,298.68,545.88,-74.31,112.31,134.67,2.39,0.060,0,BLINK,0.000,-0.004,0.826,0.0,lissajous
736163.4100,1.4000,301.29,545.42,18.45,12.06,22.04,299.01,546.98,19.60,65.80,68.66,2.76,0.070,0,BLINK,1.000,0.763,0.826,0.0,lissajous
736163.4267,1.4167,301.60,545.63,18.75,12.22,22.38,298.86,545.53,-9.15,-87.00,87.48,2.74,0.069,0,BLINK,1.000,-0.631,0.826,0.0,lissajous
736163.4434,1.4334,301.93,545.84,19.58,12.73,23.36,298.82,545.99,-2.26,27.79,27.88,3.11,0.079,0,BLINK,1.000,0.475,0.826,0.0,lissajous
736163.4600,1.4500,302.23,546.04,18.54,12.01,22.09,298.87,547.01,3.09,61.33,61.41,3.50,0.088,0,BLINK,1.000,0.585,0.826,0.0,lissajous
736163.4767,1.4667,302.59,546.27,21.20,13.69,25.23,300.48,546.79,96.66,-13.43,97.59,2.17,0.055,0,BLINK,1.000,0.757,0.826,0.0,lissajous
736163.4934,1.4834,302.91,546.47,19.12,12.31,22.74,302.30,545.99,109.07,-47.78,119.08,0.77,0.020,0,BLINK,0.000,0.553,0.826,0.0,lissajous
736163.5100,1.5000,303.22,546.68,18.86,12.10,22.41,302.88,545.70,34.93,-17.68,39.14,1.03,0.026,0,BLINK,1.000,0.507,0.825,0.0,lissajous
736163.5267,1.5167,303.54,546.88,18.87,12.08,22.40,301.80,547.50,-64.88,107.87,125.87,1.84,0.047,0,BLINK,0.000,0.028,0.825,0.0,lissajous
736163.5434,1.5334,304.29,547.36,45.15,28.75,53.52,302.15,546.72,20.84,-46.75,51.18,2.23,0.056,0,BLINK,0.956,-0.147,0.825,0.0,lissajous
736163.5600,1.5500,304.95,547.78,39.99,25.30,47.32,302.83,546.95,40.67,14.04,43.02,2.28,0.058,0,BLINK,0.909,0.973,0.824,0.0,lissajous
736163.5767,1.5667,305.48,548.11,31.32,19.70,37.00,302.12,548.04,-42.23,65.02,77.53,3.35,0.085,0,BLINK,2.095,-0.015,0.824,0.0,lissajous
736163.5934,1.5834,305.93,548.39,27.37,17.13,32.29,304.09,548.61,118.04,34.64,123.01,1.86,0.047,0,BLINK,3.810,0.963,0.824,0.0,lissajous
736163.6100,1.6000,306.30,548.62,22.18,13.83,26.14,305.47,548.47,82.99,-8.65,83.44,0.84,0.021,0,BLINK,1.000,0.789,0.824,0.0,lissajous
736163.6267,1.6167,306.64,548.83,20.06,12.47,23.62,304.72,548.31,-44.87,-9.36,45.84,1.98,0.050,0,BLINK,1.000,-0.939,0.824,0.0,lissajous
736163.6434,1.6334,306.98,549.04,20.55,12.73,24.18,304.02,549.90,-42.20,94.92,103.88,3.08,0.078,0,BLINK,0.000,0.136,0.824,0.0,lissajous
736163.6600,1.6500,307.33,549.26,20.84,12.87,24.50,305.95,548.70,115.45,-71.43,135.76,1.49,0.038,0,BLINK,0.000,0.447,0.824,0.0,lissajous
736163.6767,1.6667,307.65,549.46,19.35,11.92,22.73,308.25,547.80,138.50,-54.33,148.78,1.76,0.045,0,BLINK,0.000,0.601,0.824,0.0,lissajous
736163.6934,1.6834,307.98,549.66,19.64,12.05,23.04,308.81,547.76,33.67,-2.23,33.74,2.07,0.052,0,BLINK,1.000,0.816,0.823,0.0,lissajous
736163.7100,1.7000,308.30,549.85,19.28,11.80,22.60,308.04,548.43,-46.36,40.20,61.36,1.44,0.036,0,BLINK,1.000,-0.303,0.823,0.0,lissajous
736163.7267,1.7167,308.63,550.06,20.14,12.29,23.59,310.30,548.20,135.64,-14.19,136.39,2.50,0.063,0,BLINK,0.000,0.795,0.823,0.0,lissajous
736163.7434,1.7334,309.04,550.31,24.66,14.99,28.86,310.31,548.26,0.56,3.79,3.83,2.41,0.061,0,BLINK,1.000,0.638,0.823,0.0,lissajous
736163.7600,1.7500,309.64,550.67,35.96,21.75,42.02,309.83,549.12,-28.64,51.79,59.18,1.56,0.039,0,BLINK,1.408,0.039,0.823,0.0,lissajous
736163.7767,1.7667,310.12,550.96,28.82,17.35,33.64,310.73,549.53,53.90,24.67,59.28,1.55,0.039,0,BLINK,1.762,0.994,0.822,0.0,lissajous
736163.7934,1.7834,310.47,551.17,20.97,12.57,24.45,309.63,549.51,-66.33,-1.48,66.35,1.86,0.047,0,BLINK,1.000,-0.869,0.822,0.0,lissajous
736163.8100,1.8000,310.83,551.38,21.14,12.63,24.63,309.14,549.67,-29.16,9.85,30.78,2.40,0.061,0,BLINK,1.000,-0.649,0.822,0.0,lissajous
736163.8267,1.8167,311.16,551.58,20.29,12.09,23.62,311.18,550.92,122.30,75.01,143.47,0.66,0.017,0,BLINK,0.000,1.000,0.822,0.0,lissajous
736163.8434,1.8334,311.52,551.79,21.12,12.54,24.56,311.48,550.33,17.80,-35.49,39.70,1.46,0.037,0,BLINK,1.000,-0.071,0.822,0.0,lissajous
736163.8600,1.8500,311.86,551.99,20.36,12.05,23.66,311.19,551.20,-16.99,52.20,54.90,1.03,0.026,0,BLINK,1.000,0.218,0.822,0.0,lissajous
736163.8767,1.8667,312.20,552.20,20.89,12.32,24.25,312.05,552.09,51.61,53.61,74.41,0.18,0.005,0,BLINK,1.000,0.963,0.822,0.0,lissajous
736163.8934,1.8834,312.54,552.40,20.36,11.97,23.62,312.63,552.37,34.68,16.29,38.32,0.09,0.002,0,BLINK,1.000,0.996,0.822,0.0,lissajous
736163.9100,1.9000,312.89,552.60,21.03,12.32,24.38,311.62,551.56,-60.79,-48.34,77.67,1.65,0.042,0,BLINK,1.000,-0.990,0.822,0.0,lissajous
736163.9267,1.9167,313.23,552.80,20.28,11.85,23.49,311.97,551.72,20.81,9.79,23.00,1.66,0.042,0,BLINK,1.000,0.996,0.822,0.0,lissajous
736163.9434,1.9334,313.58,553.00,20.68,12.04,23.93,311.42,552.11,-32.44,23.24,39.91,2.33,0.059,0,BLINK,1.000,-0.409,0.822,0.0,lissajous
736163.9600,1.9500,313.92,553.20,20.40,11.84,23.59,311.50,553.33,4.45,73.04,73.18,2.42,0.061,0,BLINK,1.000,0.554,0.822,0.0,lissajous
736163.9767,1.9667,314.32,553.43,24.30,14.05,28.06,311.75,553.83,15.17,30.24,33.83,2.60,0.066,0,BLINK,1.000,0.836,0.821,0.0,lissajous
736163.9934,1.9834,314.68,553.63,21.28,12.26,24.56,312.06,553.00,18.75,-50.09,53.49,2.69,0.068,0,BLINK,1.000,-0.164,0.821,0.0,lissajous
736164.0100,2.0000,315.29,553.99,37.05,21.24,42.70,313.96,553.17,113.73,10.17,114.18,1.57,0.040,0,BLINK,2.674,0.908,0.821,0.0,lissajous
736164.0267,2.0167,315.93,554.35,37.97,21.65,43.71,315.14,553.42,70.68,14.91,72.23,1.22,0.031,0,BLINK,1.652,0.952,0.821,0.0,lissajous
736164.0434,2.0334,316.48,554.66,33.41,18.94,38.40,314.36,554.24,-46.67,49.55,68.07,2.16,0.055,0,BLINK,1.773,-0.238,0.821,0.0,lissajous
736164.0600,2.0500,317.04,554.98,33.18,18.71,38.09,314.95,554.33,35.56,5.45,35.97,2.18,0.055,0,BLINK,0.944,0.935,0.820,0.0,lissajous
736164.0767,2.0667,317.46,555.21,25.47,14.29,29.21,316.51,554.79,93.52,27.59,97.51,1.04,0.026,0,BLINK,1.000,0.975,0.820,0.0,lissajous
736164.0934,2.0834,317.84,555.42,22.54,12.60,25.83,316.60,554.81,5.34,0.79,5.39,1.38,0.035,0,BLINK,1.000,0.935,0.820,0.0,lissajous
736164.1100,2.1000,318.22,555.64,23.08,12.86,26.42,316.51,555.93,-5.20,67.29,67.49,1.73,0.044,0,BLINK,1.000,0.418,0.820,0.0,lissajous
736164.1267,2.1167,318.59,555.84,21.92,12.16,25.07,316.28,555.83,-14.12,-5.63,15.21,2.31,0.058,0,BLINK,1.000,-0.992,0.820,0.0,lissajous
736164.1434,2.1334,318.95,556.05,22.08,12.21,25.23,316.87,555.79,35.76,-2.48,35.85,2.10,0.053,0,BLINK,1.000,0.839,0.820,0.0,lissajous
736164.1600,2.1500,319.32,556.25,22.22,12.25,25.37,317.81,555.26,56.07,-31.67,64.39,1.81,0.046,0,BLINK,1.000,0.525,0.820,0.0,lissajous
736164.1767,2.1667,319.69,556.45,21.87,12.01,24.96,318.98,554.97,70.07,-17.47,72.21,1.64,0.041,0,BLINK,1.000,0.734,0.820,0.0,lissajous
736164.1934,2.1834,320.06,556.65,22.16,12.13,25.26,318.04,556.13,-55.98,69.26,89.05,2.08,0.053,0,BLINK,1.000,-0.178,0.820,0.0,lissajous
736164.2100,2.2000,320.43,556.85,22.24,12.13,25.33,318.64,556.63,35.63,30.20,46.71,1.81,0.046,0,BLINK,1.000,0.979,0.820,0.0,lissajous
736164.2267,2.2167,320.97,557.15,32.44,17.62,36.92,318.33,556.27,-18.21,-21.77,28.39,2.78,0.070,0,BLINK,0.769,-0.930,0.819,0.0,lissajous
736164.2434,2.2334,321.35,557.36,23.03,12.45,26.18,319.18,556.74,50.49,28.26,57.86,2.26,0.057,0,BLINK,1.000,1.000,0.819,0.0,lissajous
736164.2600,2.2500,321.80,557.59,26.54,14.29,30.14,319.13,556.66,-2.89,-4.68,5.51,2.83,0.071,0,BLINK,0.183,-0.866,0.819,0.0,lissajous
736164.2767,2.2667,322.19,557.81,23.82,12.77,27.03,322.16,558.20,181.92,92.40,204.04,0.40,0.010,0,BLINK,0.000,1.000,0.819,0.0,lissajous
736164.2934,2.2834,322.58,558.01,23.10,12.34,26.19,322.44,557.29,17.10,-54.90,57.50,0.74,0.019,0,BLINK,1.000,-0.188,0.819,0.0,lissajous
736164.3100,2.3000,322.96,558.21,22.82,12.14,25.85,322.90,557.46,27.46,10.68,29.46,0.75,0.019,0,BLINK,1.000,0.993,0.819,0.0,lissajous
736164.3267,2.3167,323.33,558.41,22.26,11.80,25.19,323.36,557.26,27.63,-12.49,30.32,1.16,0.029,0,BLINK,1.000,0.612,0.818,0.0,lissajous
736164.3434,2.3334,323.72,558.62,23.26,12.29,26.31,323.23,557.02,-8.08,-14.35,16.47,1.67,0.042,0,BLINK,1.000,-0.841,0.818,0.0,lissajous
736164.3600,2.3500,324.10,558.82,22.93,12.07,25.91,322.98,556.99,-14.97,-1.77,15.08,2.15,0.054,0,BLINK,1.000,-0.934,0.818,0.0,lissajous
736164.3767,2.3667,324.50,559.03,24.26,12.72,27.40,324.40,557.41,85.56,25.32,89.23,1.62,0.041,0,BLINK,1.000,0.981,0.818,0.0,lissajous
736164.3934,2.3834,324.89,559.23,23.07,12.06,26.03,325.19,557.18,47.36,-13.77,49.32,2.07,0.052,0,BLINK,1.000,0.722,0.818,0.0,lissajous
736164.4100,2.4000,325.27,559.43,23.17,12.06,26.12,326.08,561.10,52.92,235.02,240.90,1.85,0.047,0,BLINK,0.000,0.645,0.818,0.0,lissajous
736164.4267,2.4167,325.65,559.63,22.67,11.75,25.53,324.96,561.03,-66.76,-3.89,66.87,1.56,0.040,0,BLINK,1.000,-0.913,0.818,0.0,lissajous
736164.4434,2.4334,326.06,559.84,24.47,12.64,27.54,325.07,561.01,6.67,-1.47,6.83,1.53,0.039,0,BLINK,1.000,0.768,0.817,0.0,lissajous
736164.4600,2.4500,326.87,560.25,48.69,25.00,54.73,326.84,560.67,105.98,-20.38,107.92,0.41,0.010,0,BLINK,1.972,0.787,0.817,0.0,lissajous
736164.4767,2.4667,327.89,560.77,60.87,30.99,68.31,325.83,560.66,-60.44,-0.57,60.44,2.06,0.052,0,BLINK,0.885,-0.895,0.816,0.0,lissajous
736164.4934,2.4834,328.67,561.17,47.12,23.78,52.78,325.81,561.19,-1.24,31.90,31.92,2.86,0.072,0,BLINK,0.605,0.415,0.816,0.0,lissajous
736164.5100,2.5000,329.28,561.47,36.29,18.19,40.60,327.59,560.50,106.62,-41.38,114.37,1.95,0.049,0,BLINK,2.817,0.671,0.815,0.0,lissajous
736164.5267,2.5167,329.81,561.74,32.25,16.07,36.03,329.66,560.44,124.36,-3.28,124.40,1.30,0.033,0,BLINK,3.453,0.883,0.815,0.0,lissajous
736164.5434,2.5334,330.49,562.07,40.79,20.21,45.52,330.38,560.29,43.20,-9.12,44.15,1.79,0.045,0,BLINK,0.970,0.785,0.815,0.0,lissajous
736164.5600,2.5500,331.45,562.55,57.49,28.25,64.05,331.78,560.75,83.94,27.70,88.40,1.82,0.046,0,BLINK,1.380,0.990,0.815,0.0,lissajous
736164.5767,2.5667,332.31,562.96,51.38,25.02,57.15,330.90,561.73,-52.67,58.76,78.91,1.87,0.047,0,BLINK,1.381,-0.274,0.814,0.0,lissajous
736164.5934,2.5834,333.22,563.40,54.82,26.47,60.88,332.58,562.45,100.37,43.12,109.24,1.15,0.029,0,BLINK,1.794,0.999,0.814,0.0,lissajous
736164.6100,2.6000,334.05,563.80,49.71,23.79,55.11,331.99,561.62,-35.27,-49.95,61.14,3.00,0.076,0,BLINK,1.109,-0.873,0.813,0.0,lissajous
736164.6267,2.6167,334.95,564.23,53.94,25.60,59.71,332.60,561.67,36.48,3.27,36.62,3.47,0.088,0,BLINK,0.613,0.938,0.813,0.0,lissajous
736164.6434,2.6334,335.82,564.64,52.54,24.71,58.06,333.89,561.86,77.53,11.08,78.32,3.39,0.086,0,BLINK,1.349,0.956,0.812,0.0,lissajous
736164.6600,2.6500,336.72,565.06,53.87,25.12,59.44,334.72,563.18,50.22,79.28,93.85,2.74,0.069,0,BLINK,1.579,0.842,0.812,0.0,lissajous
736164.6767,2.6667,337.61,565.47,53.57,24.76,59.02,334.94,564.46,12.72,76.92,77.96,2.86,0.072,0,BLINK,1.321,0.562,0.811,0.0,lissajous
736164.6934,2.6834,338.50,565.87,52.97,24.26,58.26,337.38,564.02,146.71,-26.51,149.09,2.16,0.055,0,BLINK,2.559,0.821,0.811,0.0,lissajous
736164.7100,2.7000,339.45,566.31,57.08,25.90,62.68,336.47,563.86,-54.58,-9.53,55.40,3.85,0.097,0,BLINK,0.884,-0.968,0.811,0.0,lissajous
736164.7267,2.7167,340.76,566.89,78.43,35.19,85.96,340.00,564.06,211.75,11.74,212.08,2.93,0.074,0,BLINK,2.467,0.934,0.811,0.0,lissajous
736164.7434,2.7334,341.59,567.26,49.91,22.15,54.61,340.88,565.08,52.99,61.26,81.00,2.29,0.058,0,BLINK,1.483,0.905,0.810,0.0,lissajous
736164.7600,2.7500,342.29,567.57,42.10,18.54,46.00,340.77,566.20,-6.79,67.44,67.78,2.04,0.052,0,BLINK,1.473,0.309,0.810,0.0,lissajous
736164.7767,2.7667,342.76,567.77,27.93,12.23,30.49,339.18,565.60,-95.46,-36.35,102.15,4.19,0.106,0,BLINK,3.350,-0.999,0.810,0.0,lissajous
736164.7934,2.7834,343.23,567.98,28.51,12.42,31.09,343.08,566.01,233.79,24.71,235.09,1.98,0.050,0,BLINK,7.561,0.954,0.810,0.0,lissajous
736164.8100,2.8000,343.67,568.17,26.45,11.47,28.83,342.01,566.83,-63.95,49.40,80.81,2.13,0.054,0,BLINK,1.000,-0.483,0.810,0.0,lissajous
736164.8267,2.8167,344.17,568.39,30.01,12.95,32.68,343.04,566.79,61.68,-2.18,61.72,1.95,0.049,0,BLINK,1.888,0.904,0.810,0.0,lissajous
736164.8434,2.8334,344.66,568.60,29.18,12.53,31.76,344.73,566.58,101.55,-13.18,102.40,2.02,0.051,0,BLINK,3.225,0.860,0.810,0.0,lissajous
736164.8600,2.8500,345.10,568.79,26.74,11.42,29.08,344.80,566.41,4.28,-10.04,10.91,2.40,0.061,0,BLINK,1.000,-0.001,0.809,0.0,lissajous
736164.8767,2.8667,345.55,568.98,26.59,11.31,28.90,345.10,566.06,17.81,-20.98,27.52,2.95,0.075,0,BLINK,1.000,0.297,0.809,0.0,lissajous
736164.8934,2.8834,346.03,569.18,28.81,12.20,31.29,344.90,567.14,-12.22,64.77,65.91,2.33,0.059,0,BLINK,2.107,0.212,0.809,0.0,lissajous
736164.9100,2.9000,346.47,569.37,26.45,11.14,28.70,345.91,568.16,60.63,61.30,86.22,1.33,0.034,0,BLINK,1.000,0.924,0.809,0.0,lissajous
736164.9267,2.9167,346.92,569.55,27.04,11.34,29.32,346.44,568.93,32.18,46.25,56.34,0.78,0.020,0,BLINK,1.000,0.844,0.809,0.0,lissajous
736164.9434,2.9334,347.40,569.76,28.90,12.06,31.31,345.87,568.44,-34.44,-29.45,45.31,2.02,0.051,0,BLINK,1.447,-0.952,0.809,0.0,lissajous
736164.9600,2.9500,347.83,569.94,26.01,10.80,28.16,316.23,550.17,-1778.38,-1096.15,2089.06,37.28,0.942,0,BLINK,0.000,-0.987,0.737,0.0,lissajous
736164.9767,2.9667,348.27,570.12,26.23,10.84,28.38,294.68,536.22,-1292.69,-836.79,1539.89,63.40,1.602,0,BLINK,0.000,-0.983,0.707,0.0,lissajous
736164.9934,2.9834,348.71,570.30,26.56,10.93,28.72,279.73,529.41,-897.06,-408.97,985.89,80.19,2.026,0,BLINK,0.000,-0.999,0.696,0.0,lissajous
736165.0100,3.0000,349.22,570.50,30.19,12.36,32.63,274.79,524.91,-296.83,-269.61,401.00,87.28,2.205,0,BLINK,12.291,-0.940,0.695,0.0,lissajous
736165.0267,3.0167,349.69,570.70,28.27,11.52,30.53,272.46,520.06,-139.85,-291.38,323.21,92.35,2.333,0,BLINK,10.587,-0.741,0.327,250.0,lissajous
736165.0434,3.0334,350.15,570.88,27.57,11.18,29.75,267.53,516.60,-295.35,-207.61,361.01,98.85,2.497,0,BLINK,0.000,-0.974,0.397,250.0,lissajous
736165.0600,3.0500,350.60,571.06,27.00,10.89,29.12,269.41,517.46,112.68,51.58,123.92,97.29,2.458,0,BLINK,0.000,0.999,0.427,250.0,lissajous
736165.0767,3.0667,351.04,571.24,26.75,10.74,28.83,266.89,520.06,-151.15,156.05,217.25,98.49,2.488,0,BLINK,0.000,-0.378,0.434,250.0,lissajous
736165.0934,3.0834,351.50,571.42,27.22,10.88,29.31,267.18,518.62,17.47,-86.05,87.81,99.48,2.513,0,BLINK,1.000,-0.179,0.442,250.0,lissajous
736165.1100,3.1000,351.94,571.60,26.77,10.65,28.81,269.16,520.48,118.73,111.25,162.71,97.29,2.458,0,BLINK,0.000,0.931,0.446,250.0,lissajous
736165.1267,3.1167,352.39,571.78,26.73,10.58,28.75,269.60,518.33,26.46,-128.61,131.30,98.54,2.489,0,BLINK,0.000,-0.173,0.447,250.0,lissajous
736165.1434,3.1334,352.83,571.95,26.65,10.50,28.65,266.62,515.59,-179.08,-164.77,243.35,103.00,2.602,0,BLINK,0.000,-0.933,0.448,250.0,lissajous
736165.1600,3.1500,353.57,572.24,44.34,17.36,47.62,263.83,515.17,-167.55,-25.24,169.44,106.36,2.687,0,BLINK,3.558,-0.975,0.448,250.0,lissajous
736165.1767,3.1667,354.53,572.62,57.65,22.37,61.83,265.22,516.66,83.82,89.69,122.76,105.39,2.662,0,BLINK,1.985,0.901,0.442,250.0,lissajous
736165.1934,3.1834,355.52,573.00,59.45,22.82,63.68,265.72,516.36,29.62,-18.05,34.68,106.17,2.682,0,BLINK,0.545,0.611,0.437,250.0,lissajous
736165.2100,3.2000,356.42,573.34,54.09,20.55,57.86,265.08,518.17,-38.34,108.75,115.31,106.71,2.696,0,BLINK,1.993,0.024,0.432,250.0,lissajous
736165.2267,3.2167,357.02,573.56,35.98,13.56,38.45,264.28,516.71,-47.64,-87.67,99.78,108.78,2.748,0,BLINK,2.595,-0.757,0.435,250.0,lissajous
736165.2434,3.2334,357.75,573.83,43.28,16.20,46.21,266.41,517.49,127.38,46.65,135.66,107.32,2.711,0,BLINK,2.935,1.000,0.434,250.0,lissajous
736165.2600,3.2500,358.66,574.17,55.01,20.40,58.68,266.45,518.15,2.29,39.80,39.86,107.90,2.726,0,BLINK,0.679,0.401,0.429,250.0,lissajous
736165.2767,3.2667,359.61,574.52,56.75,20.83,60.46,264.92,518.27,-91.24,6.91,91.51,110.13,2.782,0,BLINK,1.514,-0.910,0.423,250.0,lissajous
736165.2934,3.2834,360.62,574.89,60.61,22.01,64.48,265.24,517.11,19.06,-69.70,72.26,111.51,2.817,0,BLINK,1.121,-0.081,0.415,250.0,lissajous
736165.3100,3.3000,361.59,575.24,58.50,21.01,62.16,263.93,517.19,-79.01,4.82,79.16,113.62,2.870,0,BLINK,1.274,-0.919,0.409,250.0,lissajous
736165.3267,3.3167,362.61,575.60,60.82,21.60,64.55,265.08,517.77,69.08,35.21,77.53,113.38,2.864,0,BLINK,1.201,0.992,0.402,250.0,lissajous
736165.3434,3.3334,363.62,575.95,60.90,21.38,64.54,265.17,516.73,5.65,-62.82,63.07,114.89,2.902,0,BLINK,0.977,-0.245,0.395,250.0,lissajous
736165.3600,3.3500,364.60,576.29,58.68,20.37,62.11,264.66,516.85,-30.76,7.34,31.62,116.28,2.937,0,BLINK,0.509,-0.843,0.389,250.0,lissajous
736165.3767,3.3667,365.61,576.64,60.36,20.72,63.82,265.46,517.67,48.26,49.48,69.12,116.21,2.936,0,BLINK,1.083,0.893,0.384,250.0,lissajous
736165.3934,3.3834,366.92,577.08,78.55,26.61,82.94,265.55,517.89,5.00,13.16,14.08,117.38,2.965,0,BLINK,0.170,0.636,0.371,250.0,lissajous
736165.4100,3.4000,367.87,577.40,57.15,19.11,60.26,265.00,517.22,-32.63,-40.55,52.05,119.18,3.010,0,BLINK,0.864,-0.842,0.365,250.0,lissajous
736165.4267,3.4167,368.62,577.65,44.86,14.85,47.25,265.79,517.41,47.48,11.72,48.91,119.17,3.010,0,BLINK,1.035,0.997,0.360,250.0,lissajous
736165.4434,3.4334,369.33,577.88,42.66,14.01,44.90,268.76,521.27,178.13,231.40,292.02,115.40,2.915,0,BLINK,6.504,0.827,0.370,250.0,lissajous
736165.4600,3.4500,370.29,578.20,58.00,18.85,60.99,271.89,527.14,187.89,352.31,399.28,110.86,2.800,0,SMOOTH_PURSUIT,6.547,0.720,0.379,250.0,lissajous
736165.4767,3.4667,371.32,578.53,61.75,19.84,64.86,275.60,529.31,222.12,130.22,257.48,107.64,2.719,0,SMOOTH_PURSUIT,3.970,0.976,0.374,250.0,lissajous
736165.4934,3.4834,372.36,578.86,62.41,19.80,65.47,276.46,531.61,51.98,137.89,147.36,106.91,2.701,0,SMOOTH_PURSUIT,2.251,0.619,0.371,250.0,lissajous
736165.5100,3.5000,373.41,579.19,62.75,19.67,65.76,280.05,532.04,215.40,25.55,216.91,104.59,2.642,0,SMOOTH_PURSUIT,3.299,0.983,0.371,250.0,lissajous
736165.5267,3.5167,374.40,579.49,59.50,18.42,62.29,284.14,535.32,245.58,196.83,314.72,100.49,2.538,0,SMOOTH_PURSUIT,5.053,0.930,0.376,250.0,lissajous
736165.5434,3.5334,375.41,579.80,60.58,18.53,63.35,286.41,533.47,135.77,-110.76,175.21,100.34,2.535,0,SMOOTH_PURSUIT,2.766,0.556,0.375,250.0,lissajous
736165.5600,3.5500,376.44,580.11,61.78,18.66,64.54,284.27,534.83,-128.32,81.51,152.03,102.69,2.594,0,DRIFT,2.355,-0.653,0.377,250.0,lissajous
736165.5767,3.5667,377.43,580.41,59.19,17.66,61.77,285.01,534.52,44.74,-18.44,48.39,103.18,2.606,0,SMOOTH_PURSUIT,0.783,0.777,0.369,250.0,lissajous
736165.5934,3.5834,378.42,580.70,59.46,17.52,61.99,286.20,534.47,71.11,-2.89,71.17,103.15,2.606,0,SMOOTH_PURSUIT,1.148,0.947,0.364,250.0,lissajous
736165.6100,3.6000,379.42,580.99,60.03,17.47,62.52,289.14,535.58,176.20,66.20,188.23,101.06,2.553,0,SMOOTH_PURSUIT,3.011,0.997,0.364,250.0,lissajous
736165.6267,3.6167,380.76,581.37,80.44,23.07,83.68,288.72,536.41,-25.17,50.23,56.19,102.43,2.588,0,DRIFT,0.671,-0.184,0.350,250.0,lissajous
736165.6434,3.6334,381.99,581.72,74.08,20.90,76.97,287.21,535.19,-90.26,-73.52,116.41,105.59,2.667,0,DRIFT,1.512,-0.918,0.343,250.0,lissajous
736165.6600,3.6500,382.78,581.94,47.02,13.09,48.81,288.30,535.37,65.29,10.65,66.15,105.33,2.661,0,SMOOTH_PURSUIT,1.355,0.994,0.340,250.0,lissajous
736165.6767,3.6667,383.32,582.09,32.72,9.03,33.94,289.43,535.94,67.81,34.24,75.97,104.62,2.643,0,FIXATION,2.238,0.980,0.339,250.0,lissajous
736165.6934,3.6834,383.99,582.28,40.40,11.07,41.89,289.35,536.42,-4.98,28.85,29.28,105.17,2.657,0,DRIFT,0.699,0.096,0.336,250.0,lissajous
736165.7100,3.7000,385.03,582.56,62.22,16.85,64.46,293.59,538.75,254.35,139.94,290.30,101.40,2.561,0,SMOOTH_PURSUIT,4.504,0.972,0.340,250.0,lissajous
736165.7267,3.7167,386.01,582.82,58.77,15.71,60.83,293.24,539.67,-20.67,54.89,58.65,102.31,2.585,0,DRIFT,0.964,-0.099,0.335,250.0,lissajous
736165.7434,3.7334,387.04,583.09,61.86,16.31,63.97,292.79,540.91,-27.19,74.71,79.50,103.26,2.609,0,DRIFT,1.243,-0.091,0.333,250.0,lissajous
736165.7600,3.7500,388.09,583.36,63.04,16.40,65.14,293.42,539.47,37.88,-86.63,94.55,104.35,2.636,0,DRIFT,1.451,0.157,0.329,250.0,lissajous
736165.7767,3.7667,389.13,583.63,62.52,16.03,64.54,295.30,539.88,112.96,24.62,115.61,103.53,2.615,0,SMOOTH_PURSUIT,1.791,0.999,0.328,250.0,lissajous
736165.7934,3.7834,390.19,583.90,63.44,16.03,65.43,295.52,541.77,13.31,113.56,114.33,103.62,2.618,0,SMOOTH_PURSUIT,1.747,0.356,0.326,250.0,lissajous
736165.8100,3.8000,391.23,584.16,62.22,15.50,64.12,294.88,541.29,-38.75,-28.86,48.32,105.46,2.664,0,DRIFT,0.754,-0.923,0.319,250.0,lissajous
736165.8267,3.8167,392.27,584.41,62.29,15.30,64.14,297.17,543.32,137.41,122.11,183.82,103.59,2.617,0,SMOOTH_PURSUIT,2.866,0.884,0.319,250.0,lissajous
736165.8434,3.8334,393.28,584.66,60.49,14.64,62.24,296.83,542.79,-20.15,-32.19,37.98,105.14,2.656,0,DRIFT,0.610,-0.715,0.313,250.0,lissajous
736165.8600,3.8500,394.46,584.94,71.08,16.94,73.07,299.59,543.66,165.31,52.39,173.41,103.46,2.614,0,SMOOTH_PURSUIT,2.373,0.997,0.310,250.0,lissajous
736165.8767,3.8667,395.89,585.27,85.88,20.08,88.19,299.78,544.82,11.52,69.70,70.65,104.28,2.634,0,SMOOTH_PURSUIT,0.801,0.383,0.301,250.0,lissajous
736165.8934,3.8834,396.95,585.51,63.28,14.53,64.93,300.16,545.06,22.73,14.10,26.75,104.90,2.650,0,SMOOTH_PURSUIT,0.412,0.946,0.292,250.0,lissajous
736165.9100,3.9000,397.57,585.66,37.23,8.44,38.18,303.05,545.48,173.74,25.27,175.57,102.70,2.594,0,DRIFT,4.599,0.997,0.292,250.0,lissajous
736165.9267,3.9167,398.10,585.77,31.85,7.16,32.64,301.91,545.65,-68.83,10.17,69.57,104.22,2.633,0,FIXATION,2.131,-0.933,0.291,250.0,lissajous
736165.9434,3.9334,398.60,585.89,30.21,6.74,30.96,303.85,545.63,116.74,-0.87,116.75,102.94,2.601,0,FIXATION,3.771,0.974,0.290,250.0,lissajous
736165.9600,3.9500,399.28,586.04,40.51,8.96,41.49,302.47,548.39,-82.91,165.52,185.12,103.87,2.624,0,DRIFT,4.462,-0.244,0.292,250.0,lissajous
736165.9767,3.9667,399.80,586.15,31.48,6.90,32.23,304.60,549.19,127.87,47.61,136.44,102.12,2.580,0,FIXATION,4.233,0.990,0.292,250.0,lissajous
736165.9934,3.9834,400.31,586.26,30.70,6.68,31.42,304.28,549.04,-19.41,-8.69,21.27,102.99,2.602,0,FIXATION,0.677,-0.979,0.287,250.0,lissajous
736166.0100,4.0000,400.82,586.37,30.64,6.61,31.34,306.59,549.08,138.72,2.21,138.74,101.34,2.560,0,FIXATION,4.426,0.981,0.292,250.0,lissajous
736166.0267,4.0167,401.34,586.48,30.81,6.60,31.51,307.20,549.82,36.59,44.41,57.54,101.02,2.552,0,FIXATION,1.826,0.783,0.289,250.0,lissajous
736166.0434,4.0334,401.92,586.61,35.12,7.46,35.91,307.25,548.77,2.90,-62.88,62.94,101.95,2.576,0,FIXATION,1.753,-0.162,0.284,250.0,lissajous
736166.0600,4.0500,402.52,586.73,36.04,7.58,36.83,309.05,548.37,108.30,-23.85,110.89,101.03,2.552,0,FIXATION,3.011,0.911,0.284,250.0,lissajous
736166.0767,4.0667,403.10,586.85,34.56,7.20,35.30,307.13,551.21,-115.46,170.44,205.87,102.37,2.586,0,DRIFT,5.832,-0.380,0.287,250.0,lissajous
736166.0934,4.0834,403.67,586.97,34.26,7.07,34.98,307.59,550.15,27.36,-64.03,69.63,102.90,2.599,0,FIXATION,1.990,0.199,0.284,250.0,lissajous
736166.1100,4.1000,404.28,587.10,36.49,7.46,37.25,308.59,549.49,60.29,-39.55,72.11,102.81,2.597,0,FIXATION,1.936,0.709,0.281,250.0,lissajous
736166.1267,4.1167,404.84,587.21,33.54,6.80,34.23,307.71,550.09,-52.99,36.09,64.11,103.98,2.627,0,FIXATION,1.873,-0.698,0.277,250.0,lissajous
736166.1434,4.1334,405.41,587.32,34.38,6.90,35.06,307.76,550.25,2.90,9.92,10.33,104.45,2.639,0,FIXATION,0.295,0.464,0.274,250.0,lissajous
736166.1600,4.1500,405.96,587.43,33.16,6.60,33.81,309.22,549.58,87.85,-40.20,96.61,103.88,2.624,0,FIXATION,2.857,0.811,0.273,250.0,lissajous
736166.1767,4.1667,406.49,587.54,31.45,6.20,32.06,310.22,550.43,59.74,50.90,78.48,103.17,2.606,0,FIXATION,2.448,0.872,0.273,250.0,lissajous
736166.1934,4.1834,407.04,587.65,33.48,6.55,34.12,310.99,550.19,46.39,-14.35,48.56,103.10,2.604,0,FIXATION,1.423,0.881,0.272,250.0,lissajous
736166.2100,4.2000,407.63,587.76,35.23,6.82,35.89,311.08,550.18,5.71,-0.85,5.77,103.60,2.617,0,FIXATION,0.161,0.943,0.271,250.0,lissajous
736166.2267,4.2167,408.21,587.87,34.65,6.65,35.28,311.59,549.96,30.34,-13.36,33.15,103.79,2.622,0,FIXATION,0.939,0.823,0.272,250.0,lissajous
736166.2434,4.2334,409.10,588.04,53.62,10.16,54.58,311.09,549.79,-30.02,-9.83,31.59,105.21,2.658,0,DRIFT,0.579,-0.992,0.273,250.0,lissajous
736166.2600,4.2500,410.37,588.28,75.80,14.10,77.10,311.15,549.97,3.94,10.59,11.30,106.35,2.687,0,SMOOTH_PURSUIT,0.147,0.514,0.270,250.0,lissajous
736166.2767,4.2667,411.45,588.47,65.00,11.85,66.07,312.14,550.82,59.27,51.03,78.22,106.21,2.683,0,SMOOTH_PURSUIT,1.184,0.863,0.270,250.0,lissajous
736166.2934,4.2834,412.58,588.68,68.10,12.17,69.18,311.59,551.65,-33.09,50.04,59.99,107.57,2.717,0,DRIFT,0.867,-0.396,0.270,250.0,lissajous
736166.3100,4.3000,413.70,588.87,66.91,11.72,67.93,314.01,551.72,144.91,4.11,144.97,106.39,2.688,0,SMOOTH_PURSUIT,2.134,0.989,0.268,250.0,lissajous
736166.3267,4.3167,414.87,589.07,70.42,12.08,71.44,317.58,553.60,214.12,112.74,241.99,103.56,2.616,0,SMOOTH_PURSUIT,3.387,0.951,0.264,250.0,lissajous
736166.3434,4.3334,415.96,589.25,65.22,10.96,66.13,319.05,553.24,88.20,-21.54,90.79,103.39,2.612,0,SMOOTH_PURSUIT,1.373,0.919,0.263,250.0,lissajous
736166.3600,4.3500,417.04,589.43,64.72,10.66,65.59,321.16,555.09,126.69,111.05,168.48,101.85,2.573,0,SMOOTH_PURSUIT,2.569,0.849,0.261,250.0,lissajous
736166.3767,4.3667,418.15,589.61,66.75,10.77,67.62,320.62,554.96,-32.08,-7.84,33.03,103.50,2.615,0,DRIFT,0.488,-0.997,0.259,250.0,lissajous
736166.3934,4.3834,419.27,589.79,66.92,10.56,67.75,319.98,555.36,-38.67,23.67,45.34,105.09,2.655,0,DRIFT,0.669,-0.761,0.258,250.0,lissajous
736166.4100,4.4000,420.36,589.96,65.82,10.16,66.60,320.21,556.71,13.97,81.18,82.37,105.53,2.666,0,DRIFT,1.237,0.318,0.258,250.0,lissajous
736166.4267,4.4167,421.44,590.12,64.75,9.78,65.49,322.45,558.34,134.15,97.76,165.99,103.97,2.627,0,SMOOTH_PURSUIT,2.535,0.887,0.258,250.0,lissajous
736166.4434,4.4334,422.69,590.30,74.86,11.04,75.67,320.97,557.34,-88.71,-60.16,107.19,106.93,2.701,0,DRIFT,1.417,-0.901,0.254,250.0,lissajous
736166.4600,4.4500,424.33,590.54,98.12,14.05,99.12,320.77,557.47,-11.83,8.07,14.32,108.71,2.746,0,DRIFT,0.144,-0.738,0.247,250.0,lissajous
736166.4767,4.4667,425.36,590.68,62.14,8.65,62.74,323.06,557.02,137.50,-26.74,140.07,107.69,2.720,0,SMOOTH_PURSUIT,2.233,0.946,0.247,250.0,lissajous
736166.4934,4.4834,426.49,590.84,67.46,9.17,68.08,325.01,557.35,116.99,19.74,118.64,106.86,2.699,0,SMOOTH_PURSUIT,1.743,0.999,0.243,250.0,lissajous
736166.5100,4.5000,427.60,590.98,67.12,8.89,67.70,328.13,558.00,187.03,38.89,191.03,104.80,2.647,0,SMOOTH_PURSUIT,2.822,0.997,0.245,250.0,lissajous
736166.5267,4.5167,428.73,591.13,67.74,8.75,68.31,326.86,557.37,-76.05,-38.00,85.01,107.32,2.711,0,DRIFT,1.245,-0.944,0.241,250.0,lissajous
736166.5434,4.5334,429.82,591.27,65.44,8.24,65.96,327.83,556.96,57.90,-24.67,62.94,107.61,2.718,0,SMOOTH_PURSUIT,0.954,0.864,0.239,250.0,lissajous
736166.5600,4.5500,430.89,591.40,64.15,7.87,64.63,327.00,558.26,-49.38,77.96,92.28,109.05,2.755,0,DRIFT,1.428,-0.428,0.237,250.0,lissajous
736166.5767,4.5667,431.99,591.53,65.57,7.83,66.04,327.00,559.53,-0.31,76.59,76.59,109.76,2.773,0,DRIFT,1.160,0.115,0.235,250.0,lissajous
736166.5934,4.5834,433.09,591.66,66.39,7.72,66.83,328.80,560.72,108.03,71.56,129.58,108.78,2.748,0,SMOOTH_PURSUIT,1.939,0.892,0.233,250.0,lissajous
736166.6100,4.6000,434.24,591.79,68.89,7.78,69.32,331.14,562.82,140.19,125.78,188.35,107.10,2.705,0,SMOOTH_PURSUIT,2.717,0.815,0.232,250.0,lissajous
736166.6267,4.6167,435.35,591.91,66.37,7.28,66.77,332.47,563.57,79.82,45.21,91.73,106.71,2.696,0,SMOOTH_PURSUIT,1.374,0.919,0.230,250.0,lissajous
736166.6434,4.6334,436.55,592.04,72.30,7.68,72.71,334.63,564.42,129.98,50.91,139.59,105.59,2.667,0,SMOOTH_PURSUIT,1.920,0.964,0.227,250.0,lissajous
736166.6600,4.6500,437.68,592.15,67.77,6.97,68.13,336.39,564.28,105.33,-8.67,105.69,105.06,2.654,0,SMOOTH_PURSUIT,1.551,0.983,0.225,250.0,lissajous
736166.6767,4.6667,439.29,592.31,96.60,9.56,97.07,336.92,565.58,31.85,78.01,84.26,105.81,2.673,0,SMOOTH_PURSUIT,0.868,0.467,0.215,250.0,lissajous
736166.6934,4.6834,440.26,592.40,57.96,5.52,58.22,337.41,566.27,29.51,41.30,50.75,106.12,2.681,0,SMOOTH_PURSUIT,0.872,0.656,0.210,250.0,lissajous
736166.7100,4.7000,441.24,592.49,58.75,5.43,59.00,339.66,564.74,134.94,-91.46,163.01,105.30,2.660,0,SMOOTH_PURSUIT,2.763,0.773,0.212,250.0,lissajous
736166.7267,4.7167,442.38,592.60,68.68,6.14,68.96,339.06,565.07,-35.76,19.63,40.79,106.92,2.701,0,DRIFT,0.592,-0.830,0.206,250.0,lissajous
736166.7434,4.7334,443.55,592.70,69.99,6.03,70.25,340.29,565.31,73.61,14.42,75.01,106.83,2.699,0,SMOOTH_PURSUIT,1.068,0.994,0.203,250.0,lissajous
736166.7600,4.7500,444.65,592.79,66.33,5.50,66.56,340.09,567.17,-12.18,111.51,112.17,107.66,2.720,0,DRIFT,1.685,-0.026,0.202,250.0,lissajous
736166.7767,4.7667,445.76,592.88,66.42,5.30,66.64,339.66,567.66,-25.57,29.36,38.93,109.06,2.755,0,DRIFT,0.584,-0.595,0.197,250.0,lissajous
736166.7934,4.7834,446.88,592.96,66.89,5.13,67.09,339.27,567.90,-23.44,14.53,27.58,110.49,2.791,0,DRIFT,0.411,-0.807,0.193,250.0,lissajous
736166.8100,4.8000,448.02,593.05,68.92,5.07,69.10,339.81,568.05,32.37,9.09,33.62,111.06,2.806,0,SMOOTH_PURSUIT,0.486,0.980,0.187,250.0,lissajous
736166.8267,4.8167,449.17,593.13,68.58,4.82,68.75,341.98,569.48,130.21,85.61,155.83,109.77,2.773,0,SMOOTH_PURSUIT,2.267,0.872,0.187,250.0,lissajous
736166.8434,4.8334,450.30,593.20,68.10,4.58,68.25,344.61,568.16,157.99,-79.10,176.68,108.62,2.744,0,SMOOTH_PURSUIT,2.589,0.862,0.184,250.0,lissajous
736166.8600,4.8500,451.45,593.28,68.62,4.39,68.76,348.17,571.10,213.40,176.29,276.80,105.63,2.668,0,SMOOTH_PURSUIT,4.025,0.810,0.188,250.0,lissajous
736166.8767,4.8667,452.56,593.34,66.96,4.08,67.08,348.60,571.46,25.93,21.90,33.94,106.24,2.684,0,SMOOTH_PURSUIT,0.506,0.802,0.181,250.0,lissajous
736166.8934,4.8834,453.71,593.41,68.90,3.98,69.01,348.40,571.93,-11.85,27.89,30.31,107.47,2.715,0,DRIFT,0.439,-0.337,0.174,250.0,lissajous
736166.9100,4.9000,455.22,593.49,90.61,4.91,90.74,349.85,572.26,86.51,19.91,88.77,107.49,2.715,0,SMOOTH_PURSUIT,0.978,0.985,0.168,250.0,lissajous
736166.9267,4.9167,456.08,593.54,51.45,2.62,51.52,348.29,571.76,-93.10,-29.85,97.77,109.96,2.778,0,DRIFT,1.898,-0.967,0.165,250.0,lissajous
736166.9434,4.9334,456.73,593.57,39.38,1.92,39.43,350.01,571.22,102.82,-32.56,107.85,109.04,2.754,0,FIXATION,2.735,0.937,0.164,250.0,lissajous
736166.9600,4.9500,457.37,593.60,38.02,1.79,38.06,354.63,570.42,277.54,-48.16,281.69,105.32,2.660,0,DRIFT,7.401,0.976,0.164,250.0,lissajous
736166.9767,4.9667,458.00,593.63,38.03,1.73,38.07,354.69,570.47,3.12,3.11,4.41,105.88,2.675,0,FIXATION,0.116,0.740,0.157,250.0,lissajous
736166.9934,4.9834,458.62,593.65,37.06,1.62,37.10,353.77,571.68,-54.83,72.90,91.22,107.12,2.706,0,FIXATION,2.459,-0.566,0.154,250.0,lissajous
736167.0100,5.0000,459.26,593.68,38.57,1.62,38.60,355.56,571.06,107.14,-37.50,113.52,106.14,2.681,0,FIXATION,2.941,0.929,0.152,250.0,lissajous
736167.0267,5.0167,459.85,593.71,35.17,1.42,35.20,354.54,571.80,-61.16,44.53,75.65,107.56,2.717,0,FIXATION,2.149,-0.784,0.152,250.0,lissajous
736167.0434,5.0334,460.40,593.73,33.03,1.28,33.06,353.47,571.46,-64.31,-20.52,67.50,109.23,2.759,0,FIXATION,2.042,-0.964,0.149,250.0,lissajous
736167.0600,5.0500,460.95,593.75,32.84,1.23,32.86,355.13,572.18,99.61,43.12,108.54,108.00,2.728,0,FIXATION,3.303,0.932,0.146,250.0,lissajous
736167.0767,5.0667,461.48,593.77,32.06,1.15,32.08,355.35,572.50,13.65,19.26,23.61,108.24,2.734,0,FIXATION,0.736,0.607,0.140,250.0,lissajous
736167.0934,5.0834,462.02,593.78,32.33,1.11,32.35,355.70,572.21,20.78,-17.14,26.93,108.49,2.740,0,FIXATION,0.832,0.749,0.133,250.0,lissajous
736167.1100,5.1000,462.55,593.80,31.90,1.05,31.92,356.51,571.90,48.39,-19.08,52.01,108.28,2.735,0,FIXATION,1.630,0.918,0.127,250.0,lissajous
736167.1267,5.1167,463.10,593.82,32.95,1.04,32.97,356.91,572.22,24.32,19.40,31.11,108.36,2.737,0,FIXATION,0.944,0.801,0.124,250.0,lissajous
736167.1434,5.1334,463.64,593.84,32.13,0.97,32.14,358.02,572.90,66.29,40.95,77.92,107.67,2.720,0,FIXATION,2.424,0.866,0.119,250.0,lissajous
736167.1600,5.1500,464.18,593.85,32.85,0.94,32.86,357.35,573.66,-40.34,45.78,61.02,108.73,2.747,0,FIXATION,1.857,-0.639,0.120,250.0,lissajous
736167.1767,5.1667,464.93,593.87,44.94,1.21,44.95,357.78,573.34,26.22,-19.32,32.57,109.10,2.756,0,SMOOTH_PURSUIT,0.724,0.789,0.118,250.0,lissajous
736167.1934,5.1834,465.66,593.89,43.76,1.09,43.77,357.74,573.40,-2.26,3.77,4.39,109.84,2.775,0,DRIFT,0.100,-0.493,0.116,250.0,lissajous
736167.2100,5.2000,466.29,593.90,37.49,0.87,37.50,358.97,573.67,73.77,15.66,75.42,109.20,2.759,0,FIXATION,2.011,0.983,0.116,250.0,lissajous
736167.2267,5.2167,467.46,593.93,70.68,1.47,70.69,360.68,574.01,102.14,20.83,104.24,108.63,2.744,0,SMOOTH_PURSUIT,1.475,0.984,0.115,250.0,lissajous
736167.2434,5.2334,468.64,593.95,70.26,1.25,70.27,359.26,573.93,-85.20,-4.76,85.34,111.20,2.809,0,DRIFT,1.214,-0.999,0.112,250.0,lissajous
736167.2600,5.2500,469.94,593.97,78.16,1.13,78.17,359.57,574.44,19.01,30.30,35.76,112.08,2.831,0,SMOOTH_PURSUIT,0.458,0.544,0.113,250.0,lissajous
736167.2767,5.2667,471.12,593.98,71.16,0.80,71.17,362.73,575.69,189.71,75.11,204.03,109.92,2.777,0,SMOOTH_PURSUIT,2.867,0.934,0.110,250.0,lissajous
736167.2934,5.2834,471.85,593.99,43.43,0.38,43.43,362.92,576.68,10.91,59.24,60.23,110.30,2.786,0,DRIFT,1.387,0.190,0.109,250.0,lissajous
736167.3100,5.3000,472.43,593.99,35.13,0.25,35.14,362.64,575.99,-16.69,-41.19,44.44,111.26,2.811,0,FIXATION,1.265,-0.382,0.111,250.0,lissajous
736167.3267,5.3167,473.08,594.00,38.91,0.21,38.91,362.75,576.52,6.95,31.97,32.72,111.70,2.822,0,FIXATION,0.841,0.218,0.112,250.0,lissajous
736167.3434,5.3334,474.28,594.00,71.75,0.22,71.75,363.92,576.70,69.69,10.70,70.51,111.71,2.822,0,SMOOTH_PURSUIT,0.983,0.989,0.113,250.0,lissajous
736167.3600,5.3500,475.45,594.00,70.31,0.00,70.31,365.22,577.27,78.04,34.14,85.19,111.50,2.816,0,SMOOTH_PURSUIT,1.212,0.916,0.112,250.0,lissajous
736167.3767,5.3667,476.57,594.00,67.24,-0.20,67.24,369.47,576.80,255.08,-28.19,256.63,108.47,2.740,0,SMOOTH_PURSUIT,3.817,0.994,0.104,250.0,lissajous
736167.3934,5.3834,477.74,593.99,69.89,-0.41,69.89,369.01,576.65,-27.57,-9.08,29.03,110.10,2.781,0,DRIFT,0.415,-0.948,0.105,250.0,lissajous
736167.4100,5.4000,478.91,593.98,70.70,-0.63,70.70,369.81,580.41,47.82,225.81,230.82,109.95,2.777,0,DRIFT,3.265,0.198,0.100,250.0,lissajous
736167.4267,5.4167,480.09,593.96,70.47,-0.84,70.48,370.91,579.25,66.29,-70.01,96.41,110.17,2.783,0,SMOOTH_PURSUIT,1.368,0.696,0.099,250.0,lissajous
736167.4434,5.4334,481.30,593.95,72.91,-1.09,72.92,371.12,578.30,12.83,-56.90,58.32,111.28,2.811,0,DRIFT,0.800,0.234,0.101,250.0,lissajous
736167.4600,5.4500,482.34,593.93,62.44,-1.11,62.45,370.28,579.97,-50.75,100.06,112.19,112.93,2.853,0,DRIFT,1.796,-0.468,0.101,250.0,lissajous
736167.4767,5.4667,483.24,593.91,54.04,-1.09,54.06,372.28,580.93,120.00,57.72,133.16,111.72,2.822,0,SMOOTH_PURSUIT,2.463,0.892,0.100,250.0,lissajous
736167.4934,5.4834,484.31,593.89,64.18,-1.46,64.20,374.18,580.15,114.09,-46.84,123.33,110.99,2.804,0,SMOOTH_PURSUIT,1.921,0.933,0.099,250.0,lissajous
736167.5100,5.5000,485.32,593.86,60.49,-1.53,60.51,375.88,580.11,102.00,-2.13,102.02,110.30,2.786,0,SMOOTH_PURSUIT,1.686,1.000,0.097,250.0,lissajous
736167.5267,5.5167,486.77,593.82,86.61,-2.46,86.64,373.83,579.88,-122.84,-13.73,123.61,113.79,2.874,0,DRIFT,1.427,-0.990,0.095,250.0,lissajous
736167.5434,5.5334,487.40,593.80,38.33,-1.19,38.35,376.34,579.84,150.23,-2.76,150.25,111.94,2.828,0,DRIFT,3.918,1.000,0.096,250.0,lissajous
736167.5600,5.5500,488.13,593.78,43.69,-1.43,43.71,377.09,580.25,45.08,24.65,51.38,111.87,2.826,0,SMOOTH_PURSUIT,1.175,0.861,0.100,250.0,lissajous
736167.5767,5.5667,488.75,593.75,37.29,-1.28,37.32,376.93,579.93,-9.72,-19.06,21.39,112.68,2.846,0,FIXATION,0.573,-0.424,0.102,250.0,lissajous
736167.5934,5.5834,489.36,593.73,36.52,-1.31,36.54,378.72,580.25,107.76,19.39,109.49,111.46,2.816,0,FIXATION,2.996,0.977,0.102,250.0,lissajous
736167.6100,5.6000,489.96,593.71,35.75,-1.34,35.77,379.08,580.24,21.41,-0.85,21.43,111.70,2.822,0,FIXATION,0.599,1.000,0.099,250.0,lissajous
736167.6267,5.6167,490.52,593.69,33.74,-1.31,33.77,382.71,579.70,217.67,-32.59,220.09,108.72,2.746,0,DRIFT,6.518,0.994,0.102,250.0,lissajous
736167.6434,5.6334,491.08,593.67,33.33,-1.34,33.36,381.60,579.88,-66.61,10.73,67.47,110.35,2.787,0,FIXATION,2.023,-0.993,0.101,250.0,lissajous
736167.6600,5.6500,491.64,593.64,33.97,-1.42,34.00,382.41,579.97,48.73,5.75,49.07,110.09,2.781,0,FIXATION,1.443,0.987,0.099,250.0,lissajous
736167.6767,5.6667,492.20,593.62,33.55,-1.44,33.58,384.03,583.06,97.24,185.16,209.14,108.69,2.746,0,DRIFT,6.228,0.426,0.101,250.0,lissajous
736167.6934,5.6834,492.79,593.59,35.02,-1.56,35.05,382.47,583.85,-93.29,47.69,104.77,110.74,2.797,0,FIXATION,2.989,-0.910,0.101,250.0,lissajous
736167.7100,5.7000,493.76,593.55,58.29,-2.70,58.36,382.85,584.02,22.35,10.06,24.51,111.32,2.812,0,SMOOTH_PURSUIT,0.420,0.892,0.076,233.3,lissajous
736167.7267,5.7167,494.85,593.49,65.47,-3.20,65.55,382.61,584.92,-14.30,54.27,56.12,112.57,2.844,0,DRIFT,0.856,-0.302,-0.011,250.0,lissajous
736167.7434,5.7334,495.84,593.44,59.77,-3.08,59.84,383.02,584.61,24.56,-18.84,30.96,113.17,2.859,0,SMOOTH_PURSUIT,0.517,0.824,-0.014,283.3,lissajous
736167.7600,5.7500,496.44,593.41,35.58,-1.90,35.63,383.40,585.27,22.72,39.72,45.76,113.33,2.863,0,FIXATION,1.284,0.449,-0.012,283.3,lissajous
736167.7767,5.7667,497.08,593.38,38.31,-2.10,38.37,384.75,584.58,81.39,-41.32,91.27,112.67,2.846,0,FIXATION,2.379,0.915,-0.008,250.0,lissajous
736167.7934,5.7834,497.66,593.34,35.28,-1.99,35.33,385.24,585.11,28.97,31.42,42.74,112.73,2.848,0,FIXATION,1.209,0.635,0.003,250.0,lissajous
736167.8100,5.8000,498.27,593.31,36.19,-2.09,36.25,386.63,584.50,83.40,-36.33,90.97,111.99,2.829,0,FIXATION,2.510,0.938,0.013,183.3,lissajous
736167.8267,5.8167,498.94,593.27,40.52,-2.41,40.60,387.02,584.63,23.50,7.75,24.74,112.26,2.836,0,SMOOTH_PURSUIT,0.609,0.929,0.025,183.3,lissajous
736167.8434,5.8334,500.05,593.20,66.54,-4.10,66.67,388.95,584.40,115.87,-14.09,116.72,111.45,2.815,0,SMOOTH_PURSUIT,1.751,0.998,0.034,183.3,lissajous
736167.8600,5.8500,500.86,593.15,48.27,-3.09,48.37,390.05,584.14,66.32,-15.64,68.14,111.17,2.808,0,SMOOTH_PURSUIT,1.409,0.986,0.046,183.3,lissajous
736167.8767,5.8667,501.79,593.09,55.91,-3.69,56.03,389.82,584.22,-14.20,4.85,15.01,112.32,2.837,0,DRIFT,0.268,-0.966,0.050,183.3,lissajous
736167.8934,5.8834,502.91,593.01,67.20,-4.60,67.36,390.41,584.50,35.76,17.21,39.69,112.82,2.850,0,SMOOTH_PURSUIT,0.589,0.869,0.057,150.0,lissajous
736167.9100,5.9000,504.10,592.92,71.67,-5.11,71.85,391.07,583.93,39.28,-34.15,52.05,113.39,2.864,0,SMOOTH_PURSUIT,0.724,0.799,0.061,150.0,lissajous
736167.9267,5.9167,504.81,592.87,42.52,-3.13,42.63,389.66,583.72,-84.70,-12.56,85.62,115.52,2.918,0,DRIFT,2.008,-0.976,0.066,150.0,lissajous
736167.9434,5.9334,505.42,592.83,36.67,-2.76,36.78,389.28,583.89,-22.26,9.69,24.28,116.48,2.942,0,FIXATION,0.660,-0.944,0.068,150.0,lissajous
736167.9600,5.9500,506.04,592.78,37.28,-2.86,37.39,390.34,584.39,63.24,30.11,70.04,116.01,2.930,0,FIXATION,1.873,0.867,0.102,150.0,lissajous
736167.9767,5.9667,506.63,592.73,35.02,-2.73,35.12,391.50,584.28,69.68,-6.49,69.98,115.44,2.916,0,FIXATION,1.992,1.000,0.154,150.0,lissajous
736167.9934,5.9834,507.30,592.68,40.17,-3.20,40.29,390.71,585.59,-47.56,78.47,91.76,116.80,2.951,0,DRIFT,2.277,-0.585,0.219,150.0,lissajous
736168.0100,6.0000,507.92,592.63,37.21,-3.02,37.33,390.79,585.41,5.19,-10.92,12.09,117.35,2.964,0,FIXATION,0.324,0.501,0.238,150.0,lissajous
736168.0267,6.0167,508.50,592.58,34.87,-2.88,34.99,392.94,585.60,128.98,11.72,129.52,115.76,2.924,0,FIXATION,3.702,0.985,0.248,150.0,lissajous
736168.0434,6.0334,509.12,592.53,37.47,-3.15,37.60,393.43,586.91,29.29,78.58,83.86,115.83,2.926,0,FIXATION,2.230,0.270,0.251,150.0,lissajous
736168.0600,6.0500,509.84,592.47,43.16,-3.69,43.32,396.32,586.23,173.23,-41.06,178.03,113.69,2.872,0,SMOOTH_PURSUIT,4.110,0.989,0.261,150.0,lissajous
736168.0767,6.0667,510.53,592.41,41.18,-3.59,41.34,397.29,586.72,58.02,29.40,65.04,113.39,2.864,0,SMOOTH_PURSUIT,1.573,0.849,0.267,150.0,lissajous
736168.0934,6.0834,511.39,592.33,52.00,-4.63,52.21,399.06,586.20,106.22,-31.05,110.66,112.51,2.842,0,SMOOTH_PURSUIT,2.120,0.981,0.272,150.0,lissajous
736168.1100,6.1000,512.65,592.22,75.52,-6.92,75.83,398.06,586.09,-59.54,-6.52,59.89,114.75,2.899,0,DRIFT,0.790,-0.980,0.270,150.0,lissajous
736168.1267,6.1167,513.87,592.10,73.09,-6.91,73.42,399.42,586.06,81.50,-1.90,81.52,114.61,2.895,0,SMOOTH_PURSUIT,1.110,0.997,0.272,150.0,lissajous
736168.1434,6.1334,515.08,591.98,72.64,-7.07,72.99,401.12,585.99,101.98,-4.41,102.08,114.12,2.883,0,SMOOTH_PURSUIT,1.399,0.999,0.273,150.0,lissajous
736168.1600,6.1500,516.28,591.86,71.90,-7.20,72.25,399.45,585.13,-100.35,-51.28,112.69,117.02,2.956,0,DRIFT,1.560,-0.841,0.271,150.0,lissajous
736168.1767,6.1667,517.60,591.73,79.41,-8.19,79.83,402.81,585.34,201.63,12.53,202.02,114.97,2.904,0,SMOOTH_PURSUIT,2.531,0.986,0.257,150.0,lissajous
736168.1934,6.1834,518.83,591.60,73.77,-7.83,74.18,404.50,585.47,101.48,8.14,101.81,114.50,2.892,0,SMOOTH_PURSUIT,1.372,0.983,0.258,150.0,lissajous
736168.2100,6.2000,519.60,591.51,46.07,-4.99,46.34,405.65,585.22,69.00,-15.48,70.72,114.12,2.883,0,SMOOTH_PURSUIT,1.526,0.994,0.260,150.0,lissajous
736168.2267,6.2167,520.83,591.38,73.83,-8.18,74.29,407.18,585.44,91.90,13.53,92.89,113.80,2.875,0,SMOOTH_PURSUIT,1.250,0.967,0.258,150.0,lissajous
736168.2434,6.2334,522.05,591.24,72.83,-8.27,73.30,409.29,585.71,126.15,15.81,127.14,112.90,2.852,0,SMOOTH_PURSUIT,1.734,0.972,0.252,150.0,lissajous
736168.2600,6.2500,523.24,591.10,71.56,-8.33,72.04,409.84,586.76,33.18,63.18,71.37,113.48,2.867,0,SMOOTH_PURSUIT,0.991,0.359,0.250,150.0,lissajous
736168.2767,6.2667,524.45,590.95,72.57,-8.64,73.08,410.44,586.36,35.92,-23.74,43.05,114.10,2.882,0,SMOOTH_PURSUIT,0.589,0.894,0.245,150.0,lissajous
736168.2934,6.2834,525.54,590.82,65.80,-8.01,66.28,413.39,586.56,177.30,12.01,177.71,112.23,2.835,0,SMOOTH_PURSUIT,2.681,0.982,0.243,150.0,lissajous
736168.3100,6.3000,526.77,590.67,73.46,-9.14,74.03,412.50,586.96,-53.25,23.56,58.23,114.32,2.888,0,DRIFT,0.787,-0.957,0.230,66.7,lissajous
736168.3267,6.3167,527.97,590.52,71.87,-9.14,72.45,414.07,587.97,94.03,60.67,111.91,113.92,2.878,0,SMOOTH_PURSUIT,1.545,0.765,0.234,66.7,lissajous
736168.3434,6.3334,529.20,590.36,74.12,-9.63,74.75,416.52,588.26,147.09,17.70,148.15,112.70,2.847,0,SMOOTH_PURSUIT,1.982,0.969,0.240,66.7,lissajous
736168.3600,6.3500,530.41,590.20,72.37,-9.61,73.01,416.73,588.31,12.65,2.63,12.92,113.69,2.872,0,SMOOTH_PURSUIT,0.177,0.944,0.236,66.7,lissajous
736168.3767,6.3667,531.60,590.03,71.63,-9.70,72.28,418.47,588.25,104.41,-3.15,104.46,113.14,2.858,0,SMOOTH_PURSUIT,1.445,0.995,0.229,66.7,lissajous
736168.3934,6.3834,532.83,589.87,73.44,-10.15,74.14,418.43,588.45,-2.60,11.84,12.12,114.40,2.890,0,DRIFT,0.164,-0.346,0.199,150.0,lissajous
736168.4100,6.4000,534.26,589.66,85.81,-12.12,86.66,422.01,588.37,214.67,-4.57,214.71,112.26,2.836,0,SMOOTH_PURSUIT,2.478,0.993,0.206,150.0,lissajous
736168.4267,6.4167,535.76,589.45,90.18,-13.03,91.11,419.97,588.03,-122.22,-20.97,124.01,115.80,2.925,0,DRIFT,1.361,-0.951,0.205,150.0,lissajous
736168.4434,6.4334,537.02,589.26,75.85,-11.20,76.67,422.55,588.24,154.49,13.13,155.05,114.48,2.892,0,SMOOTH_PURSUIT,2.022,0.973,0.211,150.0,lissajous
736168.4600,6.4500,538.14,589.09,66.78,-10.04,67.53,423.10,588.39,33.40,8.60,34.49,115.04,2.906,0,SMOOTH_PURSUIT,0.511,0.921,0.214,183.3,lissajous
736168.4767,6.4667,539.28,588.92,68.55,-10.48,69.35,423.46,588.28,21.59,-6.46,22.54,115.82,2.926,0,SMOOTH_PURSUIT,0.325,0.990,0.213,183.3,lissajous
736168.4934,6.4834,540.40,588.74,66.94,-10.40,67.75,423.86,588.81,23.65,31.54,39.42,116.54,2.944,0,SMOOTH_PURSUIT,0.582,0.470,0.208,183.3,lissajous
736168.5100,6.5000,541.41,588.58,60.60,-9.56,61.35,423.35,589.27,-30.22,27.77,41.04,118.05,2.982,0,DRIFT,0.669,-0.833,0.207,183.3,lissajous
736168.5267,6.5167,542.38,588.43,58.63,-9.38,59.37,425.77,590.00,144.94,44.04,151.48,116.62,2.946,0,SMOOTH_PURSUIT,2.551,0.899,0.213,183.3,lissajous
736168.5434,6.5334,543.37,588.27,59.56,-9.66,60.34,426.18,590.02,24.81,1.27,24.84,117.21,2.961,0,SMOOTH_PURSUIT,0.412,0.978,0.208,150.0,lissajous
736168.5600,6.5500,544.34,588.11,58.14,-9.55,58.92,427.94,589.34,105.61,-41.30,113.40,116.41,2.940,0,SMOOTH_PURSUIT,1.925,0.978,0.211,183.3,lissajous
736168.5767,6.5667,545.34,587.94,59.51,-9.91,60.33,430.31,589.25,142.11,-5.36,142.22,115.03,2.906,0,SMOOTH_PURSUIT,2.357,0.992,0.216,183.3,lissajous
736168.5934,6.5834,546.48,587.75,68.63,-11.59,69.60,430.67,589.51,21.75,15.96,26.98,115.82,2.926,0,SMOOTH_PURSUIT,0.388,0.696,0.207,150.0,lissajous
736168.6100,6.6000,547.71,587.54,73.87,-12.67,74.95,432.22,591.01,92.66,89.98,129.16,115.54,2.919,0,SMOOTH_PURSUIT,1.723,0.589,0.211,183.3,lissajous
736168.6267,6.6167,548.83,587.34,67.17,-11.69,68.18,433.15,593.23,56.01,132.85,144.18,115.83,2.926,0,DRIFT,2.115,0.225,0.225,183.3,lissajous
736168.6434,6.6334,549.96,587.15,67.58,-11.93,68.63,432.13,591.92,-61.26,-78.40,99.50,117.92,2.979,0,DRIFT,1.450,-0.469,0.215,183.3,lissajous
736168.6600,6.6500,551.52,586.86,93.87,-16.84,95.37,432.70,592.86,33.98,56.44,65.88,118.97,3.005,0,SMOOTH_PURSUIT,0.691,0.356,0.208,183.3,lissajous
736168.6767,6.6667,552.59,586.67,64.01,-11.67,65.07,434.44,593.57,104.68,42.66,113.04,118.35,2.989,0,SMOOTH_PURSUIT,1.737,0.843,0.221,183.3,lissajous
736168.6934,6.6834,553.67,586.47,64.79,-11.96,65.89,435.55,593.58,66.75,0.38,66.75,118.33,2.989,0,SMOOTH_PURSUIT,1.013,0.982,0.220,183.3,lissajous
736168.7100,6.7000,554.79,586.26,67.12,-12.55,68.28,436.31,593.01,45.29,-33.83,56.52,118.67,2.998,0,SMOOTH_PURSUIT,0.828,0.898,0.228,183.3,lissajous
736168.7267,6.7167,555.96,586.04,70.41,-13.35,71.67,438.45,592.83,128.37,-11.24,128.86,117.71,2.973,0,SMOOTH_PURSUIT,1.798,0.995,0.227,183.3,lissajous
736168.7434,6.7334,557.33,585.78,82.32,-15.83,83.83,438.27,593.53,-10.76,42.36,43.70,119.32,3.014,0,DRIFT,0.521,-0.425,0.226,183.3,lissajous
736168.7600,6.7500,558.17,585.61,50.20,-9.77,51.15,439.19,592.94,55.25,-35.55,65.69,119.20,3.011,0,SMOOTH_PURSUIT,1.284,0.929,0.224,183.3,lissajous
736168.7767,6.7667,558.96,585.46,47.63,-9.36,48.54,440.46,592.69,76.16,-14.83,77.59,118.72,2.999,0,SMOOTH_PURSUIT,1.599,1.000,0.218,183.3,lissajous
736168.7934,6.7834,559.71,585.31,44.96,-8.91,45.84,442.34,593.97,112.68,76.56,136.23,117.69,2.973,0,SMOOTH_PURSUIT,2.972,0.702,0.220,183.3,lissajous
736168.8100,6.8000,560.36,585.18,38.83,-7.75,39.59,443.43,594.00,65.71,1.74,65.73,117.26,2.962,0,FIXATION,1.660,0.975,0.221,183.3,lissajous
736168.8267,6.8167,560.99,585.05,37.86,-7.61,38.62,443.85,593.46,24.79,-32.20,40.63,117.45,2.967,0,FIXATION,1.052,0.754,0.216,183.3,lissajous
736168.8434,6.8334,561.61,584.93,36.95,-7.48,37.69,445.61,593.51,106.13,2.67,106.17,116.31,2.938,0,FIXATION,2.817,0.975,0.220,183.3,lissajous
736168.8600,6.8500,562.24,584.80,37.85,-7.71,38.63,444.58,592.36,-62.14,-68.64,92.59,117.90,2.978,0,FIXATION,2.397,-0.510,0.224,183.3,lissajous
736168.8767,6.8667,562.86,584.67,37.22,-7.63,37.99,446.72,592.32,128.23,-2.44,128.26,116.39,2.940,0,FIXATION,3.376,0.983,0.223,183.3,lissajous
736168.8934,6.8834,563.49,584.54,37.77,-7.80,38.57,445.20,592.67,-91.05,20.78,93.39,118.57,2.995,0,FIXATION,2.421,-1.000,0.218,183.3,lissajous
736168.9100,6.9000,564.11,584.41,37.58,-7.81,38.38,447.09,592.65,113.39,-0.91,113.39,117.31,2.963,0,FIXATION,2.954,0.981,0.219,183.3,lissajous
736168.9267,6.9167,564.74,584.28,37.38,-7.81,38.19,447.80,592.75,42.65,5.63,43.02,117.24,2.962,0,FIXATION,1.127,0.944,0.227,150.0,lissajous
736168.9434,6.9334,565.40,584.14,39.95,-8.41,40.83,447.56,592.78,-14.31,2.30,14.49,118.16,2.985,0,DRIFT,0.355,-0.999,0.229,150.0,lissajous
736168.9600,6.9500,566.06,584.00,39.23,-8.31,40.10,449.13,593.34,94.31,33.53,100.09,117.30,2.963,0,SMOOTH_PURSUIT,2.496,0.852,0.229,150.0,lissajous
736168.9767,6.9667,566.75,583.86,41.56,-8.86,42.49,447.07,593.59,-123.64,14.67,124.51,120.07,3.033,0,DRIFT,2.930,-0.996,0.223,150.0,lissajous
736168.9934,6.9834,567.67,583.66,55.58,-11.95,56.85,446.70,593.69,-22.25,6.11,23.07,121.39,3.066,0,DRIFT,0.406,-0.998,0.220,150.0,lissajous
736169.0100,7.0000,568.99,583.37,78.82,-17.13,80.67,446.99,593.60,17.60,-5.09,18.32,122.42,3.092,0,SMOOTH_PURSUIT,0.227,0.998,0.228,150.0,lissajous
736169.0267,7.0167,570.05,583.14,63.83,-14.04,65.35,448.48,593.49,89.26,-6.74,89.52,122.01,3.082,0,SMOOTH_PURSUIT,1.370,0.990,0.228,150.0,lissajous
736169.0434,7.0334,571.04,582.92,59.43,-13.20,60.88,447.50,593.59,-58.86,5.93,59.16,124.00,3.132,0,DRIFT,0.972,-0.993,0.227,150.0,lissajous
736169.0600,7.0500,571.72,582.76,40.69,-9.11,41.70,447.69,593.96,11.44,22.09,24.88,124.53,3.146,0,DRIFT,0.597,0.255,0.224,150.0,lissajous
736169.0767,7.0667,572.61,582.56,53.38,-12.04,54.72,449.35,593.83,99.42,-7.93,99.74,123.77,3.127,0,SMOOTH_PURSUIT,1.823,0.990,0.222,16.7,lissajous
736169.0934,7.0834,573.31,582.41,41.80,-9.50,42.86,451.86,593.79,150.62,-2.05,150.63,121.98,3.081,0,SMOOTH_PURSUIT,3.515,0.978,0.219,16.7,lissajous
736169.1100,7.1000,574.00,582.25,41.80,-9.56,42.88,454.27,593.71,144.64,-5.18,144.73,120.28,3.038,0,SMOOTH_PURSUIT,3.375,0.982,0.211,16.7,lissajous
736169.1267,7.1167,574.66,582.10,39.09,-8.99,40.11,453.67,594.60,-36.29,53.55,64.69,121.63,3.072,0,DRIFT,1.613,-0.732,0.204,33.3,lissajous
736169.1434,7.1334,575.31,581.94,39.33,-9.10,40.37,456.34,594.17,160.62,-25.97,162.71,119.59,3.021,0,SMOOTH_PURSUIT,4.030,0.998,0.197,16.7,lissajous
736169.1600,7.1500,575.97,581.79,39.30,-9.15,40.35,458.93,593.39,155.02,-46.34,161.80,117.61,2.971,0,SMOOTH_PURSUIT,4.010,0.998,0.205,150.0,lissajous
736169.1767,7.1667,576.63,581.64,39.57,-9.27,40.65,457.69,592.84,-74.37,-33.23,81.46,119.47,3.018,0,DRIFT,2.004,-0.796,0.229,150.0,lissajous
736169.1934,7.1834,577.29,581.48,39.66,-9.34,40.74,457.04,593.24,-38.53,24.10,45.45,120.82,3.052,0,DRIFT,1.116,-0.947,0.229,150.0,lissajous
736169.2100,7.2000,577.93,581.33,38.85,-9.21,39.93,458.03,592.96,59.08,-17.04,61.49,120.47,3.043,0,FIXATION,1.540,0.999,0.243,150.0,lissajous
736169.2267,7.2167,578.60,581.17,39.85,-9.50,40.96,459.61,593.08,94.93,7.63,95.24,119.58,3.021,0,SMOOTH_PURSUIT,2.325,0.951,0.236,150.0,lissajous
736169.2434,7.2334,579.26,581.01,39.69,-9.52,40.81,460.92,593.23,78.31,8.65,78.79,118.97,3.005,0,SMOOTH_PURSUIT,1.930,0.941,0.236,150.0,lissajous
736169.2600,7.2500,579.91,580.86,38.90,-9.38,40.01,460.38,592.68,-32.39,-33.04,46.27,120.11,3.034,0,DRIFT,1.156,-0.513,0.242,150.0,lissajous
736169.2767,7.2667,580.57,580.70,39.63,-9.61,40.78,463.68,592.85,198.27,10.55,198.55,117.52,2.969,0,SMOOTH_PURSUIT,4.869,0.958,0.223,150.0,lissajous
736169.2934,7.2834,581.32,580.51,44.95,-10.97,46.27,462.49,592.97,-71.55,7.25,71.92,119.48,3.018,0,DRIFT,1.554,-0.990,0.224,150.0,lissajous
736169.3100,7.3000,581.97,580.35,39.40,-9.67,40.56,462.32,592.83,-10.31,-8.40,13.30,120.31,3.039,0,DRIFT,0.328,-0.602,0.236,150.0,lissajous
736169.3267,7.3167,582.65,580.19,40.27,-9.94,41.48,466.06,592.24,224.62,-35.75,227.44,117.21,2.961,0,SMOOTH_PURSUIT,5.483,0.996,0.219,150.0,lissajous
736169.3434,7.3334,583.31,580.02,40.07,-9.94,41.28,467.33,591.88,76.47,-21.36,79.40,116.58,2.945,0,SMOOTH_PURSUIT,1.923,1.000,0.218,150.0,lissajous
736169.3600,7.3500,584.83,579.64,91.09,-22.81,93.90,466.55,591.76,-46.81,-7.65,47.43,118.90,3.003,0,DRIFT,0.505,-0.918,0.215,150.0,lissajous
736169.3767,7.3667,586.12,579.31,77.16,-19.55,79.60,465.41,591.72,-68.38,-2.41,68.42,121.34,3.065,0,DRIFT,0.860,-0.960,0.217,150.0,lissajous
736169.3934,7.3834,587.02,579.08,54.36,-13.90,56.11,466.33,590.99,54.69,-43.44,69.85,121.28,3.064,0,SMOOTH_PURSUIT,1.245,0.913,0.221,150.0,lissajous
736169.4100,7.4000,587.74,578.90,42.75,-11.00,44.14,465.82,590.40,-30.64,-35.72,47.06,122.46,3.093,0,DRIFT,1.066,-0.441,0.225,150.0,lissajous
736169.4267,7.4167,588.79,578.63,62.97,-16.32,65.05,469.92,590.72,246.04,19.58,246.82,119.48,3.018,0,SMOOTH_PURSUIT,3.794,0.945,0.207,150.0,lissajous
736169.4434,7.4334,589.80,578.36,61.10,-15.96,63.15,469.76,591.28,-9.53,33.28,34.62,120.74,3.050,0,DRIFT,0.548,-0.509,0.206,150.0,lissajous
736169.4600,7.4500,590.81,578.10,60.27,-15.87,62.33,471.97,591.67,132.71,23.66,134.80,119.61,3.021,0,SMOOTH_PURSUIT,2.163,0.907,0.179,150.0,lissajous
736169.4767,7.4667,591.81,577.83,59.85,-15.88,61.92,471.00,591.70,-58.26,1.86,58.29,121.60,3.072,0,DRIFT,0.941,-0.974,0.182,150.0,lissajous
736169.4934,7.4834,592.82,577.56,60.65,-16.22,62.78,470.95,591.62,-3.11,-4.69,5.63,122.68,3.099,0,DRIFT,0.090,-0.319,0.185,150.0,lissajous
736169.5100,7.5000,593.53,577.37,43.07,-11.60,44.60,472.99,592.16,122.84,31.96,126.93,121.44,3.068,0,SMOOTH_PURSUIT,2.846,0.869,0.194,150.0,lissajous
736169.5267,7.5167,594.32,577.15,47.27,-12.80,48.97,471.04,592.25,-117.09,5.84,117.23,124.20,3.137,0,DRIFT,2.394,-0.977,0.198,150.0,lissajous
736169.5434,7.5334,595.62,576.80,77.65,-21.19,80.49,473.51,592.51,148.10,15.58,148.91,123.11,3.110,0,SMOOTH_PURSUIT,1.850,0.932,0.200,150.0,lissajous
736169.5600,7.5500,597.00,576.42,83.21,-22.94,86.31,474.21,593.78,41.74,76.25,86.93,124.02,3.133,0,DRIFT,1.007,0.230,0.194,150.0,lissajous
736169.5767,7.5667,598.22,576.08,72.79,-20.26,75.56,475.05,593.70,50.38,-4.85,50.62,124.42,3.143,0,SMOOTH_PURSUIT,0.670,0.985,0.194,150.0,lissajous
736169.5934,7.5834,599.02,575.86,48.29,-13.54,50.16,475.87,593.22,49.56,-28.73,57.28,124.37,3.141,0,SMOOTH_PURSUIT,1.142,0.968,0.194,150.0,lissajous
736169.6100,7.6000,599.75,575.65,44.03,-12.41,45.75,476.70,593.08,49.88,-8.59,50.61,124.28,3.139,0,SMOOTH_PURSUIT,1.106,0.995,0.192,150.0,lissajous
736169.6267,7.6167,601.08,575.27,79.25,-22.51,82.39,477.46,593.01,45.19,-4.51,45.42,124.88,3.155,0,SMOOTH_PURSUIT,0.551,0.984,0.192,150.0,lissajous
736169.6434,7.6334,602.08,574.99,60.42,-17.30,62.85,478.09,594.50,38.15,89.53,97.32,125.52,3.170,0,DRIFT,1.549,0.124,0.199,150.0,lissajous
736169.6600,7.6500,603.05,574.71,58.01,-16.73,60.37,480.71,594.13,156.88,-21.96,158.41,123.88,3.129,0,SMOOTH_PURSUIT,2.624,0.990,0.198,150.0,lissajous
736169.6767,7.6667,604.33,574.33,76.84,-22.34,80.02,480.98,593.74,16.64,-23.36,28.68,124.86,3.154,0,SMOOTH_PURSUIT,0.358,0.784,0.185,150.0,lissajous
736169.6934,7.6834,605.46,574.00,67.52,-19.79,70.36,482.00,595.63,61.23,113.12,128.63,125.33,3.166,0,DRIFT,1.828,0.209,0.189,150.0,lissajous
736169.7100,7.7000,606.21,573.78,45.27,-13.36,47.20,484.37,595.79,142.08,9.77,142.41,123.81,3.127,0,SMOOTH_PURSUIT,3.017,0.937,0.196,150.0,lissajous
736169.7267,7.7167,606.90,573.58,41.65,-12.35,43.45,486.01,595.99,98.00,11.68,98.70,122.96,3.106,0,SMOOTH_PURSUIT,2.272,0.918,0.202,150.0,lissajous
736169.7434,7.7334,607.61,573.37,42.52,-12.67,44.37,486.10,595.53,5.83,-27.23,27.85,123.52,3.120,0,SMOOTH_PURSUIT,0.628,0.480,0.209,150.0,lissajous
736169.7600,7.7500,608.30,573.16,41.12,-12.31,42.92,487.70,595.46,95.54,-4.27,95.64,122.65,3.098,0,SMOOTH_PURSUIT,2.228,0.970,0.208,150.0,lissajous
736169.7767,7.7667,608.99,572.95,41.36,-12.44,43.19,487.03,595.57,-40.19,6.41,40.70,124.04,3.133,0,DRIFT,0.942,-0.991,0.200,150.0,lissajous
736169.7934,7.7834,609.67,572.75,41.22,-12.45,43.06,485.18,594.37,-110.81,-71.80,132.04,126.36,3.192,0,DRIFT,3.066,-0.646,0.201,150.0,lissajous
736169.8100,7.8000,610.36,572.54,41.01,-12.45,42.86,486.85,593.10,100.17,-76.46,126.01,125.21,3.163,0,SMOOTH_PURSUIT,2.940,0.937,0.185,150.0,lissajous
736169.8267,7.8167,611.07,572.32,42.81,-13.05,44.75,487.32,592.84,28.19,-15.64,32.23,125.44,3.169,0,SMOOTH_PURSUIT,0.720,0.978,0.184,150.0,lissajous
736169.8434,7.8334,611.91,572.06,50.36,-15.43,52.67,488.16,593.32,50.32,29.24,58.20,125.57,3.172,0,SMOOTH_PURSUIT,1.105,0.679,0.182,150.0,lissajous
736169.8600,7.8500,612.73,571.81,48.92,-15.07,51.19,488.34,593.64,11.05,19.25,22.19,126.29,3.190,0,DRIFT,0.434,0.220,0.189,150.0,lissajous
736169.8767,7.8667,613.45,571.59,43.42,-13.44,45.45,492.38,594.25,242.27,36.23,244.97,123.17,3.111,0,SMOOTH_PURSUIT,5.390,0.901,0.175,150.0,lissajous
736169.8934,7.8834,614.19,571.36,44.59,-13.87,46.70,493.16,594.59,46.98,20.58,51.29,123.24,3.113,0,SMOOTH_PURSUIT,1.098,0.755,0.179,150.0,lissajous
736169.9100,7.9000,614.87,571.14,40.65,-12.70,42.59,496.95,594.90,227.35,18.54,228.10,120.29,3.038,0,SMOOTH_PURSUIT,5.356,0.927,0.163,150.0,lissajous
736169.9267,7.9167,615.56,570.93,41.56,-13.05,43.56,497.06,593.90,6.45,-59.95,60.29,120.71,3.049,0,SMOOTH_PURSUIT,1.384,0.400,0.164,150.0,lissajous
736169.9434,7.9334,616.27,570.71,42.11,-13.27,44.15,499.50,593.95,146.30,3.10,146.33,119.06,3.007,0,SMOOTH_PURSUIT,3.314,0.947,0.154,150.0,lissajous
736169.9600,7.9500,616.94,570.49,40.43,-12.80,42.41,498.52,594.07,-58.54,6.90,58.95,120.74,3.050,0,DRIFT,1.390,-0.982,0.158,150.0,lissajous
736169.9767,7.9667,618.14,570.11,72.01,-22.93,75.57,497.29,593.63,-74.02,-26.54,78.63,123.12,3.110,0,DRIFT,1.041,-0.795,0.153,150.0,lissajous
736169.9934,7.9834,619.62,569.64,88.80,-28.52,93.26,497.78,593.61,29.36,-1.14,29.38,124.18,3.137,0,SMOOTH_PURSUIT,0.315,0.963,0.150,150.0,lissajous
736170.0100,8.0000,621.19,569.13,93.99,-30.47,98.80,499.85,593.32,124.39,-17.38,125.60,123.72,3.125,0,SMOOTH_PURSUIT,1.271,0.985,0.143,150.0,lissajous
736170.0267,8.0167,622.66,568.65,88.28,-28.88,92.88,499.30,593.47,-33.13,9.03,34.34,125.83,3.178,0,DRIFT,0.370,-0.999,0.137,150.0,lissajous
736170.0434,8.0334,624.08,568.18,85.45,-28.20,89.98,499.16,592.80,-8.29,-40.28,41.13,127.32,3.216,0,DRIFT,0.457,0.115,0.126,150.0,lissajous
736170.0600,8.0500,625.47,567.71,83.57,-27.82,88.08,504.90,593.23,344.54,26.28,345.55,123.24,3.113,0,SMOOTH_PURSUIT,3.923,0.922,0.148,66.7,lissajous
736170.0767,8.0667,626.89,567.24,85.06,-28.55,89.72,503.78,593.23,-67.08,0.01,67.08,125.82,3.178,0,DRIFT,0.748,-0.948,0.141,66.7,lissajous
736170.0934,8.0834,628.36,566.74,87.83,-29.73,92.73,506.91,592.71,187.41,-31.72,190.07,124.19,3.137,0,SMOOTH_PURSUIT,2.050,0.987,0.157,66.7,lissajous
736170.1100,8.1000,629.57,566.33,72.76,-24.82,76.88,508.05,592.60,68.35,-6.59,68.67,124.33,3.140,0,SMOOTH_PURSUIT,0.893,0.973,0.146,66.7,lissajous
736170.1267,8.1167,631.03,565.83,87.60,-30.11,92.63,509.57,592.36,91.50,-14.34,92.62,124.32,3.140,0,SMOOTH_PURSUIT,1.000,0.985,0.134,66.7,lissajous
736170.1434,8.1334,632.47,565.32,86.76,-30.07,91.82,512.59,592.23,180.85,-7.90,181.02,122.87,3.104,0,SMOOTH_PURSUIT,1.971,0.958,0.147,66.7,lissajous
736170.1600,8.1500,633.93,564.81,87.56,-30.60,92.75,510.24,592.02,-141.02,-12.58,141.58,126.65,3.199,0,DRIFT,1.526,-0.911,0.158,66.7,lissajous
736170.1767,8.1667,635.77,564.17,110.45,-38.95,117.12,511.15,592.34,54.94,19.51,58.30,127.77,3.227,0,SMOOTH_PURSUIT,0.498,0.777,0.150,66.7,lissajous
736170.1934,8.1834,637.26,563.64,88.97,-31.67,94.44,510.31,593.43,-50.22,65.57,82.59,130.39,3.294,0,DRIFT,0.875,-0.839,0.144,66.7,lissajous
736170.2100,8.2000,638.19,563.30,56.05,-20.08,59.53,513.83,593.98,210.86,32.67,213.38,128.09,3.235,0,SMOOTH_PURSUIT,3.584,0.879,0.177,66.7,lissajous
736170.2267,8.2167,638.95,563.03,45.73,-16.46,48.60,515.49,593.76,99.48,-13.06,100.33,127.23,3.214,0,SMOOTH_PURSUIT,2.064,0.977,0.181,66.7,lissajous
736170.2434,8.2334,639.78,562.73,49.60,-17.93,52.74,516.26,593.79,46.33,1.93,46.37,127.37,3.217,0,SMOOTH_PURSUIT,0.879,0.925,0.169,66.7,lissajous
736170.2600,8.2500,640.57,562.44,47.24,-17.15,50.26,517.48,593.86,73.29,4.09,73.40,127.03,3.209,0,SMOOTH_PURSUIT,1.460,0.920,0.173,66.7,lissajous
736170.2767,8.2667,641.29,562.18,43.61,-15.90,46.42,516.22,593.70,-75.77,-9.45,76.36,128.99,3.258,0,DRIFT,1.645,-0.890,0.176,66.7,lissajous
736170.2934,8.2834,642.00,561.92,42.34,-15.49,45.09,517.78,593.02,93.85,-41.26,102.52,128.05,3.234,0,SMOOTH_PURSUIT,2.274,0.998,0.175,66.7,lissajous
736170.3100,8.3000,642.69,561.67,41.62,-15.29,44.34,518.30,593.01,31.16,-0.34,31.17,128.28,3.240,0,SMOOTH_PURSUIT,0.703,0.942,0.198,66.7,lissajous
736170.3267,8.3167,643.43,561.40,44.00,-16.22,46.90,522.66,592.54,261.44,-28.03,262.94,124.72,3.150,0,SMOOTH_PURSUIT,5.607,0.970,0.180,66.7,lissajous
736170.3434,8.3334,644.13,561.13,42.26,-15.64,45.06,528.45,591.93,347.48,-37.04,349.45,119.71,3.024,0,SMOOTH_PURSUIT,7.755,0.969,0.178,150.0,lissajous
736170.3600,8.3500,644.83,560.88,41.78,-15.52,44.57,525.90,592.37,-152.83,26.90,155.18,123.03,3.108,0,DRIFT,3.482,-0.984,0.177,150.0,lissajous
736170.3767,8.3667,645.63,560.58,48.05,-17.92,51.29,524.60,592.47,-78.41,5.60,78.61,125.16,3.162,0,DRIFT,1.533,-0.959,0.180,150.0,lissajous
736170.3934,8.3834,646.39,560.29,45.61,-17.08,48.70,524.95,592.36,21.05,-6.59,22.06,125.60,3.173,0,SMOOTH_PURSUIT,0.453,0.998,0.178,150.0,lissajous
736170.4100,8.4000,647.10,560.03,42.54,-15.99,45.44,525.36,592.19,25.08,-9.98,27.00,125.91,3.180,0,SMOOTH_PURSUIT,0.594,1.000,0.186,150.0,lissajous
736170.4267,8.4167,647.79,559.77,41.58,-15.68,44.44,525.22,590.84,-8.34,-81.08,81.51,126.44,3.194,0,DRIFT,1.834,0.255,0.192,150.0,lissajous
736170.4434,8.4334,648.48,559.50,41.26,-15.62,44.12,525.34,590.02,6.99,-49.09,49.58,126.86,3.204,0,SMOOTH_PURSUIT,1.124,0.482,0.193,150.0,lissajous
736170.4600,8.4500,649.18,559.24,42.01,-15.96,44.94,526.38,590.39,62.02,22.22,65.88,126.69,3.200,0,SMOOTH_PURSUIT,1.466,0.760,0.197,150.0,lissajous
736170.4767,8.4667,649.87,558.98,41.25,-15.72,44.15,527.70,590.98,79.23,35.28,86.73,126.29,3.190,0,SMOOTH_PURSUIT,1.965,0.709,0.199,150.0,lissajous
736170.4934,8.4834,650.77,558.63,54.41,-20.82,58.26,526.95,590.99,-44.65,0.84,44.66,127.98,3.233,0,DRIFT,0.767,-0.940,0.203,150.0,lissajous
736170.5100,8.5000,652.71,557.88,116.39,-44.87,124.74,529.58,591.04,157.53,2.96,157.56,127.52,3.221,0,SMOOTH_PURSUIT,1.263,0.926,0.191,150.0,lissajous
736170.5267,8.5167,653.63,557.53,54.97,-21.34,58.97,530.16,590.84,34.73,-12.34,36.85,127.89,3.230,0,SMOOTH_PURSUIT,0.625,1.000,0.176,150.0,lissajous
736170.5434,8.5334,654.36,557.24,43.61,-17.00,46.81,530.09,590.71,-3.79,-7.80,8.68,128.69,3.251,0,DRIFT,0.185,-0.081,0.181,150.0,lissajous
736170.5600,8.5500,655.43,556.82,64.52,-25.26,69.29,534.53,589.89,265.98,-49.23,270.49,125.35,3.166,0,SMOOTH_PURSUIT,3.904,0.982,0.162,150.0,lissajous
736170.5767,8.5667,656.60,556.36,69.92,-27.53,75.15,534.07,588.22,-27.05,-99.93,103.53,126.60,3.198,0,DRIFT,1.378,0.110,0.159,150.0,lissajous
736170.5934,8.5834,657.44,556.03,50.53,-19.99,54.34,536.01,587.93,116.29,-17.74,117.64,125.55,3.171,0,SMOOTH_PURSUIT,2.165,0.975,0.154,66.7,lissajous
736170.6100,8.6000,658.15,555.75,42.83,-17.01,46.08,535.60,586.83,-24.68,-66.03,70.49,126.43,3.194,0,DRIFT,1.530,0.020,0.169,66.7,lissajous
736170.6267,8.6167,658.86,555.46,42.40,-16.90,45.65,534.75,587.57,-51.30,44.66,68.02,128.20,3.238,0,DRIFT,1.490,-0.944,0.172,66.7,lissajous
736170.6434,8.6334,659.57,555.18,42.52,-17.00,45.80,535.53,588.04,47.29,28.47,55.20,128.31,3.241,0,SMOOTH_PURSUIT,1.205,0.604,0.161,66.7,lissajous
736170.6600,8.6500,660.26,554.90,41.73,-16.74,44.96,536.38,588.58,50.94,31.88,60.09,128.37,3.243,0,SMOOTH_PURSUIT,1.337,0.589,0.158,66.7,lissajous
736170.6767,8.6667,660.96,554.62,41.64,-16.76,44.89,540.73,587.76,260.62,-48.94,265.18,124.71,3.150,0,SMOOTH_PURSUIT,5.907,0.981,0.188,166.7,lissajous
736170.6934,8.6834,661.67,554.34,42.47,-17.15,45.80,539.13,587.71,-95.75,-3.07,95.80,127.00,3.208,0,DRIFT,2.092,-0.915,0.186,166.7,lissajous
736170.7100,8.7000,662.36,554.06,41.44,-16.79,44.72,544.01,588.13,292.98,25.16,294.05,123.15,3.111,0,SMOOTH_PURSUIT,6.576,0.891,0.169,166.7,lissajous
736170.7267,8.7167,663.04,553.78,41.22,-16.75,44.49,542.08,588.01,-115.96,-6.99,116.17,125.71,3.175,0,DRIFT,2.611,-0.902,0.173,166.7,lissajous
736170.7434,8.7334,663.74,553.49,41.89,-17.09,45.24,541.30,587.96,-46.93,-3.11,47.03,127.20,3.213,0,DRIFT,1.040,-0.899,0.169,166.7,lissajous
736170.7600,8.7500,664.43,553.21,41.62,-17.03,44.96,542.16,588.04,51.41,4.96,51.64,127.14,3.212,0,SMOOTH_PURSUIT,1.149,0.885,0.170,166.7,lissajous
736170.7767,8.7667,665.12,552.93,41.24,-16.93,44.58,544.72,588.00,153.93,-2.83,153.96,125.40,3.168,0,SMOOTH_PURSUIT,3.454,0.932,0.159,166.7,lissajous
736170.7934,8.7834,665.82,552.64,42.12,-17.35,45.55,545.00,588.23,16.98,14.18,22.12,125.95,3.181,0,SMOOTH_PURSUIT,0.486,0.465,0.161,166.7,lissajous
736170.8100,8.8000,666.85,552.21,61.62,-25.48,66.68,545.58,588.51,34.50,16.58,38.27,126.59,3.197,0,SMOOTH_PURSUIT,0.574,0.667,0.161,166.7,lissajous
736170.8267,8.8167,667.72,551.85,52.17,-21.67,56.49,545.66,588.32,4.97,-11.61,12.63,127.39,3.218,0,SMOOTH_PURSUIT,0.224,0.716,0.167,166.7,lissajous
736170.8434,8.8334,668.96,551.34,74.07,-30.91,80.26,544.92,589.05,-44.62,43.96,62.63,129.64,3.275,0,DRIFT,0.780,-0.928,0.172,166.7,lissajous
736170.8600,8.8500,670.05,550.88,65.71,-27.57,71.26,546.39,588.76,88.13,-17.05,89.76,129.34,3.267,0,SMOOTH_PURSUIT,1.260,0.979,0.173,166.7,lissajous
736170.8767,8.8667,671.25,550.37,71.69,-30.23,77.80,546.74,588.98,20.95,12.80,24.55,130.35,3.293,0,SMOOTH_PURSUIT,0.316,0.584,0.178,166.7,lissajous
736170.8934,8.8834,672.10,550.01,51.48,-21.81,55.91,546.17,589.27,-33.79,17.74,38.16,131.91,3.332,0,DRIFT,0.683,-0.997,0.178,166.7,lissajous
736170.9100,8.9000,672.92,549.67,48.73,-20.72,52.95,546.41,588.99,13.90,-17.01,21.96,132.48,3.346,0,SMOOTH_PURSUIT,0.415,0.885,0.184,166.7,lissajous
736170.9267,8.9167,673.75,549.31,50.36,-21.49,54.76,548.18,588.90,106.25,-5.55,106.40,131.67,3.326,0,SMOOTH_PURSUIT,1.943,0.939,0.185,166.7,lissajous
736170.9434,8.9334,674.63,548.93,52.81,-22.62,57.45,549.65,589.65,88.40,45.36,99.36,131.45,3.320,0,SMOOTH_PURSUIT,1.730,0.638,0.182,166.7,lissajous
736170.9600,8.9500,675.46,548.58,49.45,-21.26,53.82,551.70,589.49,123.30,-9.75,123.68,130.34,3.292,0,SMOOTH_PURSUIT,2.298,0.947,0.180,166.7,lissajous
736170.9767,8.9667,676.20,548.25,44.71,-19.29,48.69,553.75,589.30,122.71,-11.59,123.26,129.15,3.262,0,SMOOTH_PURSUIT,2.532,0.951,0.183,166.7,lissajous
736170.9934,8.9834,677.03,547.90,49.78,-21.55,54.24,551.57,589.10,-131.10,-11.90,131.64,132.06,3.336,0,DRIFT,2.427,-0.878,0.184,166.7,lissajous
736171.0100,9.0000,677.96,547.49,55.48,-24.11,60.49,551.58,588.87,0.76,-13.94,13.96,132.98,3.359,0,SMOOTH_PURSUIT,0.231,0.448,0.188,166.7,lissajous
736171.0267,9.0167,678.79,547.13,49.98,-21.81,54.53,554.39,586.86,168.46,-120.50,207.12,130.60,3.299,0,SMOOTH_PURSUIT,3.798,0.978,0.196,166.7,lissajous
736171.0434,9.0334,679.63,546.76,50.25,-22.00,54.85,554.15,587.41,-14.15,33.24,36.12,131.90,3.332,0,DRIFT,0.659,-0.728,0.188,166.7,lissajous
736171.0600,9.0500,680.40,546.43,46.04,-20.23,50.29,554.91,585.96,45.89,-87.28,98.61,131.56,3.323,0,SMOOTH_PURSUIT,1.961,0.782,0.189,166.7,lissajous
736171.0767,9.0667,681.24,546.06,50.36,-22.21,55.04,557.22,586.22,138.16,15.53,139.03,130.36,3.293,0,SMOOTH_PURSUIT,2.526,0.864,0.191,166.7,lissajous
736171.0934,9.0834,682.28,545.59,62.96,-27.87,68.86,560.43,586.43,192.90,13.03,193.34,128.51,3.246,0,SMOOTH_PURSUIT,2.808,0.885,0.186,166.7,lissajous
736171.1100,9.1000,683.16,545.20,52.35,-23.27,57.29,560.36,585.66,-4.19,-46.46,46.64,129.29,3.266,0,DRIFT,0.814,0.322,0.191,166.7,lissajous
736171.1267,9.1167,684.02,544.82,51.50,-22.98,56.39,561.78,584.84,84.76,-49.16,97.98,128.62,3.249,0,SMOOTH_PURSUIT,1.738,0.994,0.185,166.7,lissajous
736171.1434,9.1334,685.07,544.35,63.15,-28.29,69.20,559.55,584.94,-133.38,6.18,133.52,131.92,3.332,0,DRIFT,1.930,-0.931,0.186,166.7,lissajous
736171.1600,9.1500,686.49,543.71,85.55,-38.52,93.82,561.05,582.09,90.04,-171.14,193.38,131.18,3.314,0,SMOOTH_PURSUIT,2.061,0.788,0.180,166.7,lissajous
736171.1767,9.1667,687.61,543.20,67.11,-30.38,73.67,566.60,582.81,332.61,43.19,335.40,127.33,3.216,0,SMOOTH_PURSUIT,4.553,0.850,0.171,166.7,lissajous
736171.1934,9.1834,688.56,542.77,56.78,-25.82,62.37,565.58,583.12,-60.80,18.64,63.60,129.43,3.269,0,DRIFT,1.020,-0.992,0.179,166.7,lissajous
736171.2100,9.2000,689.35,542.41,47.24,-21.55,51.92,566.11,583.56,31.77,26.51,41.37,129.92,3.282,0,SMOOTH_PURSUIT,0.797,0.433,0.180,166.7,lissajous
736171.2267,9.2167,690.14,542.05,47.53,-21.76,52.27,566.83,584.05,42.86,29.44,51.99,130.27,3.290,0,SMOOTH_PURSUIT,0.995,0.514,0.188,166.7,lissajous
736171.2434,9.2334,690.89,541.71,44.82,-20.58,49.32,568.82,583.60,119.61,-27.21,122.67,129.05,3.260,0,SMOOTH_PURSUIT,2.487,0.979,0.180,166.7,lissajous
736171.2600,9.2500,691.63,541.36,44.67,-20.58,49.18,569.42,584.04,36.01,26.20,44.53,129.45,3.270,0,SMOOTH_PURSUIT,0.905,0.488,0.175,166.7,lissajous
736171.2767,9.2667,692.35,541.03,43.32,-20.01,47.72,569.90,583.21,28.61,-49.51,57.19,129.52,3.271,0,SMOOTH_PURSUIT,1.198,0.817,0.171,166.7,lissajous
736171.2934,9.2834,693.06,540.70,42.45,-19.67,46.79,567.09,580.95,-168.41,-135.39,216.09,132.24,3.340,0,DRIFT,4.619,-0.444,0.171,166.7,lissajous
736171.3100,9.3000,693.84,540.34,46.57,-21.64,51.35,568.99,581.58,114.13,37.56,120.16,131.48,3.321,0,SMOOTH_PURSUIT,2.340,0.730,0.179,166.7,lissajous
736171.3267,9.3167,694.62,539.97,47.03,-21.92,51.89,570.55,581.89,93.28,18.35,95.07,130.96,3.308,0,SMOOTH_PURSUIT,1.832,0.808,0.183,166.7,lissajous
736171.3434,9.3334,695.37,539.62,45.27,-21.17,49.97,572.49,581.17,116.77,-43.06,124.45,129.71,3.276,0,SMOOTH_PURSUIT,2.490,0.996,0.190,166.7,lissajous
736171.3600,9.3500,696.09,539.29,42.93,-20.13,47.42,575.16,581.30,159.96,7.80,160.15,128.02,3.234,0,SMOOTH_PURSUIT,3.377,0.884,0.188,166.7,lissajous
736171.3767,9.3667,696.79,538.96,42.13,-19.81,46.55,574.46,580.43,-41.95,-52.05,66.85,129.17,3.263,0,DRIFT,1.436,-0.236,0.194,166.7,lissajous
736171.3934,9.3834,697.49,538.63,41.91,-19.77,46.33,573.25,580.21,-72.44,-13.45,73.68,131.01,3.309,0,DRIFT,1.590,-0.811,0.195,166.7,lissajous
736171.4100,9.4000,698.34,538.23,50.82,-24.05,56.23,573.36,580.05,6.46,-9.44,11.44,131.79,3.329,0,SMOOTH_PURSUIT,0.203,0.863,0.194,166.7,lissajous
736171.4267,9.4167,699.18,537.83,50.37,-23.91,55.76,574.26,580.65,53.76,35.93,64.66,132.06,3.336,0,SMOOTH_PURSUIT,1.160,0.513,0.210,166.7,lissajous
736171.4434,9.4334,699.92,537.47,44.68,-21.27,49.48,576.15,581.03,113.86,22.65,116.10,131.21,3.314,0,SMOOTH_PURSUIT,2.346,0.802,0.207,166.7,lissajous
736171.4600,9.4500,700.69,537.11,46.20,-22.06,51.20,577.11,580.54,57.48,-29.41,64.57,130.99,3.309,0,SMOOTH_PURSUIT,1.261,1.000,0.207,166.7,lissajous
736171.4767,9.4667,701.45,536.74,45.52,-21.81,50.48,576.25,580.58,-51.42,2.54,51.49,132.65,3.350,0,DRIFT,1.020,-0.922,0.208,166.7,lissajous
736171.4934,9.4834,702.66,536.16,72.37,-34.80,80.30,578.19,580.79,115.85,12.51,116.52,132.23,3.340,0,SMOOTH_PURSUIT,1.451,0.850,0.209,166.7,lissajous
736171.5100,9.5000,703.79,535.61,68.22,-32.95,75.77,579.99,580.83,108.11,2.57,108.14,131.80,3.329,0,SMOOTH_PURSUIT,1.427,0.890,0.208,166.7,lissajous
736171.5267,9.5167,705.32,534.87,91.81,-44.58,102.06,581.86,580.86,112.48,1.66,112.50,131.75,3.328,0,SMOOTH_PURSUIT,1.102,0.893,0.204,166.7,lissajous
736171.5434,9.5334,706.79,534.15,87.92,-42.93,97.84,583.02,580.17,69.54,-40.99,80.72,132.05,3.335,0,SMOOTH_PURSUIT,0.825,0.997,0.203,166.7,lissajous
736171.5600,9.5500,708.26,533.43,88.12,-43.27,98.17,586.16,579.73,188.29,-26.65,190.17,130.58,3.298,0,SMOOTH_PURSUIT,1.937,0.951,0.194,166.7,lissajous
736171.5767,9.5667,709.70,532.72,86.63,-42.78,96.62,584.55,580.13,-96.61,23.81,99.50,133.83,3.380,0,DRIFT,1.030,-0.977,0.192,166.7,lissajous
736171.5934,9.5834,711.15,532.00,86.84,-43.11,96.95,584.29,578.65,-15.52,-88.57,89.92,135.16,3.414,0,DRIFT,0.928,0.283,0.192,166.7,lissajous
736171.6100,9.6000,712.60,531.28,86.82,-43.34,97.03,584.86,579.23,34.24,34.93,48.91,136.44,3.446,0,DRIFT,0.504,0.307,0.193,166.7,lissajous
736171.6267,9.6167,714.11,530.52,90.83,-45.59,101.63,586.10,579.44,74.09,12.44,75.12,137.04,3.461,0,SMOOTH_PURSUIT,0.739,0.807,0.189,166.7,lissajous
736171.6434,9.6334,715.65,529.74,92.35,-46.62,103.45,593.27,578.88,430.34,-33.41,431.63,131.88,3.331,0,SMOOTH_PURSUIT,4.173,0.925,0.193,150.0,lissajous
736171.6600,9.6500,717.10,529.00,87.34,-44.33,97.94,591.32,575.63,-116.93,-194.91,227.29,134.15,3.388,0,DRIFT,2.321,-0.071,0.207,150.0,lissajous
736171.6767,9.6667,718.93,528.07,109.39,-55.86,122.83,595.40,576.98,244.75,80.81,257.74,132.86,3.356,0,SMOOTH_PURSUIT,2.098,0.703,0.229,150.0,lissajous
736171.6934,9.6834,719.93,527.56,60.02,-30.80,67.46,596.27,577.35,52.19,21.94,56.61,133.31,3.367,0,SMOOTH_PURSUIT,0.839,0.643,0.222,150.0,lissajous
736171.7100,9.7000,721.01,527.00,65.00,-33.49,73.12,595.95,576.32,-18.94,-61.70,64.54,134.43,3.396,0,DRIFT,0.883,0.177,0.216,150.0,lissajous
736171.7267,9.7167,721.91,526.54,54.01,-27.92,60.80,599.07,576.26,187.27,-3.67,187.31,132.52,3.347,0,SMOOTH_PURSUIT,3.081,0.897,0.228,150.0,lissajous
736171.7434,9.7334,722.69,526.13,46.64,-24.19,52.54,600.02,575.82,57.02,-26.01,62.67,132.35,3.343,0,SMOOTH_PURSUIT,1.193,0.999,0.224,150.0,lissajous
736171.7600,9.7500,723.57,525.68,52.76,-27.44,59.47,600.97,575.12,56.57,-42.44,70.72,132.19,3.339,0,SMOOTH_PURSUIT,1.189,0.987,0.220,150.0,lissajous
736171.7767,9.7667,724.38,525.25,49.06,-25.59,55.33,600.16,573.47,-48.59,-98.71,110.02,133.26,3.366,0,DRIFT,1.988,0.023,0.220,150.0,lissajous
736171.7934,9.7834,725.26,524.79,52.67,-27.56,59.44,602.36,572.69,132.24,-46.83,140.29,131.91,3.332,0,SMOOTH_PURSUIT,2.360,0.990,0.222,150.0,lissajous
736171.8100,9.8000,726.13,524.34,51.74,-27.16,58.44,603.30,573.81,56.57,66.99,87.68,132.41,3.344,0,DRIFT,1.500,0.216,0.221,150.0,lissajous
736171.8267,9.8167,726.92,523.92,47.50,-25.00,53.67,602.59,573.29,-43.08,-31.14,53.16,133.77,3.379,0,DRIFT,0.990,-0.444,0.211,150.0,lissajous
736171.8434,9.8334,727.73,523.49,49.04,-25.89,55.45,602.20,574.02,-23.45,43.88,49.75,135.33,3.418,0,DRIFT,0.897,-0.829,0.203,150.0,lissajous
736171.8600,9.8500,728.74,522.96,60.25,-31.91,68.18,606.25,574.16,243.11,8.70,243.27,132.76,3.353,0,SMOOTH_PURSUIT,3.568,0.866,0.202,150.0,lissajous
736171.8767,9.8667,729.72,522.44,58.83,-31.27,66.63,604.57,573.94,-100.50,-13.50,101.41,135.33,3.418,0,DRIFT,1.522,-0.813,0.201,150.0,lissajous
736171.8934,9.8834,730.77,521.88,62.84,-33.51,71.22,605.91,574.09,80.37,8.89,80.86,135.33,3.418,0,SMOOTH_PURSUIT,1.135,0.825,0.198,150.0,lissajous
736171.9100,9.9000,731.65,521.41,52.80,-28.25,59.88,608.12,572.95,132.31,-68.53,149.00,133.85,3.381,0,SMOOTH_PURSUIT,2.488,1.000,0.192,150.0,lissajous
736171.9267,9.9167,732.51,520.94,51.67,-27.73,58.64,609.84,571.00,103.46,-116.89,156.10,132.49,3.346,0,SMOOTH_PURSUIT,2.662,0.938,0.191,150.0,lissajous
736171.9434,9.9334,733.40,520.46,53.41,-28.75,60.65,609.09,571.50,-45.37,30.43,54.63,134.38,3.394,0,DRIFT,0.901,-0.995,0.196,150.0,lissajous
736171.9600,9.9500,734.26,520.00,51.82,-27.99,58.90,609.36,571.77,16.39,15.96,22.88,135.21,3.415,0,DRIFT,0.388,0.299,0.200,150.0,lissajous
736171.9767,9.9667,735.59,519.28,79.64,-43.17,90.59,609.18,572.25,-10.96,28.65,30.67,137.06,3.462,0,DRIFT,0.339,-0.759,0.198,150.0,lissajous
736171.9934,9.9834,737.12,518.44,92.13,-50.18,104.92,614.03,572.00,291.29,-14.65,291.66,134.24,3.391,0,SMOOTH_PURSUIT,2.780,0.901,0.189,150.0,lissajous
